Ticker,Nama Perusahaan,Tanggal Listing,Sektor,Underwriter,Papan Pencatatan,Ownership,Listed Share,Persen Saham Ditawarkan,Rencana Penggunaan Dana IPO,Valuation Currency,Total Aset,Total Liabilitas,Pendapatan,Laba Kotor,Laba Berjalan (Bukan Komperhensif),Harga Final,1D %,1W %,1M %,6M %,1Y %
UNIQ,PT Ulima Nitra Tbk,8-Mar-21,Energy,PT Surya Fajar Sekuritas,utama,lainnya,3138983000,0.0956,modal kerja,rupiah,5.39673E+11,2.67416E+11,2.70926E+11,24547000000,-5617000000,118,999,35,5,-25,-30
GTRA,PT Grahaprima Suksesmandiri Tbk,30-Mar-23,Transportation & Logistic,PT UOB Kay Hian Sekuritas,pengembangan,lainnya,1894375000,0.2,modal belanja,rupiah,6.50517E+11,4.56514E+11,1.95317E+11,87569000000,1.12922E+11,150,999,85,77,39,9
BSBK,PT Wulandari Bangun Laksana Tbk,8-Nov-22,Properties & Real Estate,PT KGI Sekuritas Indonesia; PT Panca Global Sekuritas; PT Yuanta Sekuritas Indonesia; PT Aartha Sekuritas Indonesia,pengembangan,lainnya,22750000000,0.1209,modal kerja,rupiah,2.26498E+12,1.1163E+12,55906000000,38950000000,-1943000000,100,999,170,140,-50,-50
COAL,PT Black Diamond Resources Tbk,7-Sep-22,Energy,PT  Surya Fajar Sekuritas,pemantauan khusus,lainnya,6250000000,0.2,modal kerja,rupiah,3.68114E+11,2.49577E+14,95530761000,49028909000,43301731000,100,999,280,354,36,-45
CRAB,PT Toba Surimi Industries Tbk,10-Aug-22,Consumer Non-Cyclicals,PT KGI Sekuritas Indonesia,pengembangan,lainnya,1950000000,0.2,modal kerja,rupiah,3.63552E+11,2.47297E+11,1.35593E+11,17387464788,2926421615,150,999,56,59,41,59
SMLE,PT Sinergi Multi Lestarindo Tbk,10-Jan-24,Basic Materials,PT MNC Sekuritas; PT Erdikha Elit Sekuritas,pengembangan,lainnya,2328125000,0.2,modal belanja,rupiah,86055664583,63448283667,92317161613,23370010690,2220346422,175,999,5,-32,-61,-35
TOOL,PT Rohartindo Nusantara Luas Tbk,9-Aug-22,Consumer Cyclicals,PT Mirae Asset Sekuritas Indonesia,pengembangan,lainnya,2050000000,0.2,modal belanja,rupiah,1.34793E+11,32596983842,20698125655,8364811411,3463976118,127,999,9,-14,-41,-54
ELPI,PT Pelayaran Nasional Ekalya Purnamasari Tbk,8-Aug-22,Transportation & Logistic,PT Trimegah Sekuritas Indonesia Tbk,utama,lainnya,7412000000,0.15,modal belanja,rupiah,1.64442E+12,2.79414E+11,1.26398E+11,36363000000,26130000000,200,999,37,14,3,16
RAFI,PT Sari Kreasi Boga Tbk,5-Aug-22,Consumer Cyclicals,PT Investindo Nusantara Sekuritas; PT KB Valbury Sekuritas,pemantauan khusus,lainnya,3020290000,0.3031,modal kerja,rupiah,80965554693,28142205850,32454034913,9655464978,5129672532,126,999,39,84,-8,-49
AXIO,PT Tera Data Indonusa Tbk,20-Jul-22,Technology,PT BNI Sekuritas; PT CIMB Niaga Sekuritas,pengembangan,lainnya,5840126500,0.1781,modal kerja,rupiah,7.12498E+11,4.42568E+11,1.32847E+11,22730000000,2912000000,140,999,54,103,43,-4
GUNA,PT Gunanusa Eramandiri Tbk,9-Jul-24,Consumer Non-Cyclicals,PT Panin Sekuritas Tbk,pengembangan,lainnya,2500000000,0.2,modal belanja,rupiah,1.52874E+12,7.76374E+11,1.36313E+12,4.20876E+11,1.50952E+11,150,999,95,104,105,
DEWI,PT Dewi Shri Farmindo Tbk,18-Jul-22,Consumer Non-Cyclicals,PT KGI Sekuritas Indonesia; PT Binaartha Sekuritas,pengembangan,lainnya,2000000000,0.35,ekspansi,rupiah,85111029983,12782310197,23399285941,2923806089,1415737946,100,999,48,78,124,-32
ATLA,PT Atlantis Subsea Indonesia Tbk,16-Apr-24,Energy,PT Artha Sekuritas Indonesia,pengembangan,lainnya,6199500000,0.1936,modal belanja,rupiah,52875310795,4177135814,30750596199,7958886009,1875993020,100,999,164,46,-50,-50
ASHA,PT Cilacap Samudera Fishing Industry Tbk,27-May-22,Consumer Non-Cyclicals,PT KGI Sekuritas Indonesia; PT Korea Investment And Sekuritas Indonesia,pemantauan khusus,lainnya,5000000000,0.25,modal kerja,rupiah,1.11777E+11,33122743723,1.68406E+11,21196194407,894947985,100,999,280,86,35,-4
MHKI,PT Multi Hanna Kreasindo Tbk,16-Apr-24,Industrials,PT NH Korindo Sekuritas Indonesia,pengembangan,lainnya,3750000000,0.2,modal belanja,rupiah,3.26798E+11,24340336257,1.08003E+11,63448235013,23252529682,160,999,91,156,-21,-43
WINR,PT Winner Nusantara Jaya Tbk,25-Apr-22,Properties & Real Estate,PT Aartha Sekuritas Indonesia; PT Mirae Asset Sekuritas Indonesia; PT Panca Global Sekuritas; PT Yuanta Sekuritas Indonesia,pemantauan khusus,lainnya,5235200000,0.2865,modal belanja,rupiah,2.53379E+11,78742000000,20218000000,9498000000,1.06635E+11,100,999,112,76,-50,-50
SOLA,PT Xolare RCR Energy Tbk,8-May-24,Basic Materials,PT UOB Kay Hian Sekuritas,pengembangan,lainnya,3281250000,0.2,modal belanja,rupiah,87330000000,15650000000,48500000000,18088000000,1940000000,110,999,72,-55,-55,-32
WIRG,PT WIR ASIA Tbk,4-Apr-22,Technology,PT Ciptadana Sekuritas Asia,pengembangan,start up,11919159000,0.2,modal belanja,rupiah,3.02487E+11,1.59181E+11,5.54517E+11,1.20721E+11,17298330302,168,999,227,555,152,-11
PDPP,PT Primadaya Plastisindo Tbk,9-Nov-22,Basic Materials,PT Semesta Indovest Sekuritas,utama,lainnya,2500000000,0.2,ekspansi,rupiah,3.89733E+11,1.37489E+11,1.44719E+11,28841176832,11960963379,200,999,16,1,45,56
ZATA,PT Bersama Zatta Jaya Tbk,10-Nov-22,Consumer Cyclicals,PT UOB Kay Hian Sekuritas,pemantauan khusus,lainnya,8496000000,0.2001,ekspansi,rupiah,5.591E+11,2.09941E+11,1.43262E+11,56768000000,-7613000000,100,999,182,31,-50,-50
AYAM,PT Janu Putra Sejahtera Tbk,30-Nov-23,Consumer Non-Cyclicals,PT UOB Kay Hian Sekuritas,pengembangan,lainnya,4000000000,0.2,ekspansi,rupiah,2.67425E+11,1.47279E+11,1.15669E+11,8833000000,4256000000,100,999,11,10,7,49
MMIX,PT Multi Medika Internasional Tbk,6-Dec-22,Healthcare,PT Mirae Asset Sekuritas Indonesia,pengembangan,lainnya,2400000000,0.25,modal kerja,rupiah,82607739211,32468867450,82128810016,52134119839,19752857765,190,999,27,71,29,-11
SAGE,PT Saptausaha Gemilangindah Tbk,8-Mar-23,Properties & Real Estate,PT Danatama Makmur Sekuritas; PT Aartha Sekuritas Indonesia,pemantauan khusus,lainnya,8033250000,0.2004,bayar hutang,rupiah,2.68877E+11,1.48228E+11,20519309930,-47666585402,4696657212,100,999,40,272,-50,-50
AWAN,PT Era Digital Media Tbk,18-Apr-23,Technology,PT Samuel Sekuritas Indonesia; PT Sucor Sekuritas,pengembangan,start up,3435000000,0.2183,modal belanja,rupiah,24750829485,3884498719,21644121500,14820247646,7324568393,100,999,212,152,134,218
TYRE,PT King Tire Indonesia Tbk,8-May-23,Consumer Cyclicals,PT Victoria Sekuritas Indonesia,pengembangan,lainnya,3478020000,0.2013,modal kerja,rupiah,3.80848E+11,1.90815E+11,4.51767E+11,72471343508,20393706480,138,999,2,-11,-12,-1
JATI,PT Informasi Teknologi Indonesia Tbk,8-May-23,Technology,PT KGI Sekuritas Indonesia; PT Shinhan Sekuritas Indonesia,pengembangan,start up,3262500000,0.2,modal kerja,rupiah,2.71251E+11,1.80085E+11,3.71892E+11,65673409897,20304945081,100,999,114,45,-28,-50
SMIL,PT Sarana Mitra Luas Tbk,12-May-23,Industrials,PT MNC Sekuritas; PT KB Valbury Sekuritas; PT Erdikha Elit Sekuritas,utama,lainnya,8750000000,0.2,modal belanja,rupiah,5.72895E+11,1.72742E+11,2.03159E+11,61973928557,25400891371,100,999,48,43,26,41
KLAS,PT Pelayaran Kurnia Lautan Semesta Tbk,12-Jun-23,Transportation & Logistic,PT Panin Sekuritas Tbk,pengembangan,lainnya,2165000000,0.2494,modal belanja,rupiah,2.30092E+11,1.23115E+11,1.79426E+11,65006754990,28907747378,146,999,-9,-29,-39,-17
TGUK,PT Platinum Wahab Nusantara Tbk,10-Jul-23,Consumer Non-Cyclicals,PT Semesta Indovest Sekuritas,pemantauan khusus,lainnya,3571429000,0.3,modal belanja,rupiah,76163244322,16885219341,1.28305E+11,78021474019,12642475951,110,999,26,-10,-15,-55
INET,PT Sinergi Inti Andalan Prima Tbk,24-Jul-23,Infrastructures,PT Shinhan Sekuritas Indonesia,pengembangan,lainnya,7500000000,0.2,modal kerja,rupiah,72983848409,7780796134,6504689740,1794365022,515065262,101,999,100,84,-31,-50
FWCT,PT Wijaya Cahaya Timber Tbk,1-Feb-23,Basic Materials,PT Lotus Andalan Sekuritas,pengembangan,lainnya,1875000000,0.2,modal belanja,rupiah,3.93201E+11,1.77455E+11,5.0829E+11,61110241000,25181704000,118,999,2,-7,-56,-40
LAJU,PT Jasa Berdikari Logistics Tbk,27-Jan-23,Transportation & Logistic,PT NH Korindo Sekuritas Indonesia,pengembangan,lainnya,2149840000,0.3256,modal kerja,rupiah,1.04939E+11,50605053298,1.33582E+11,32308614257,10735057550,100,999,41,144,-36,-45
MAHA,PT Mandiri Herindo Adiperkasa Tbk,25-Jul-23,Energy,PT Trimegah Sekuritas Indonesia Tbk,utama,lainnya,16666000000,0.25,modal kerja,rupiah,1.72866E+12,6.50461E+11,4.55361E+11,1.17479E+11,41026288000,118,999,132,114,58,65
WINE,PT Hatten Bali Tbk,10-Jan-23,Consumer Non-Cyclicals,PT NH Korindo Sekuritas Indonesia,pengembangan,lainnya,2710000000,0.2502,modal belanja,rupiah,3.07074E+11,1.78059E+11,64211861658,31724886167,-4722626260,129,999,134,185,357,213
CYBR,PT ITSEC Asia Tbk,8-Aug-23,Technology,PT Mirae Asset Sekuritas Indonesia; PT Sucor Sekuritas; PT Trimegah Sekuritas Indonesia Tbk,pengembangan,start up,6449574702,0.1564,modal kerja,rupiah,99345970122,63882790154,9282591159,2156954158,-2185890851,100,999,132,66,118,198
IOTF,PT Sumber Sinergi Makmur Tbk,6-Oct-23,Technology,PT KB Valbury Sekuritas; PT Shinhan Sekuritas Indonesia,pengembangan,lainnya,5280000000,0.2083,modal kerja,rupiah,58698489543,14437112292,16124333459,4171884951,560957670,100,999,5,9,37,35
STRK,PT Lovina Beach Brewery Tbk,10-Oct-23,Consumer Non-Cyclicals,PT Artha Sekuritas Indonesia; PT Panca Global Sekuritas; PT KGI Sekuritas Indonesia; PT Waterfront Sekuritas Indonesia,pengembangan,lainnya,10721709000,0.1101,modal belanja,rupiah,70588409490,19087673754,10859348665,6691893509,19495325284,100,999,128,210,-50,-50
GOLF,PT Intra Golflink Resorts Tbk,8-Jul-24,Consumer Cyclicals,PT KB Valbury Sekuritas; PT Samuel Sekuritas Indonesia; PT Semesta Indovest Sekuritas; PT Trimegah Sekuritas Indonesia Tbk,utama,lainnya,19486760000,0.1001,modal belanja,rupiah,7.76454E+12,1.82798E+11,1.77582E+11,1.12442E+11,60176514048,200,999,15,8,4,
MKAP,PT Multikarya Asia Pasifik Raya Tbk,12-Feb-24,Energy,PT Lotus Andalan Sekuritas,pengembangan,lainnya,3250000000,0.2,modal kerja,rupiah,2.59699E+11,1.10548E+11,1.31607E+11,51977424107,17158994618,115,999,114,107,241,157
NTBK,PT Nusatama Berkah Tbk,9-Feb-22,Industrials,PT Danatama Makmur Sekuritas; PT Surya Fajar Sekuritas,pengembangan,lainnya,2700000000,0.2593,modal kerja,rupiah,61246718968,37677608536,39326661671,5743735643,443255179,100,999,3,-33,-50,-50
NEST,PT Esta Indonesia Tbk,8-Aug-24,Consumer Non-Cyclicals,PT KGI Sekuritas Indonesia,pengembangan,lainnya,4112500000,0.2,modal kerja,rupiah,3.16419E+11,1.18196E+11,81713958951,7144745717,4271769764,200,999,31,51,163,
NAIK,PT Adiwarna Anugerah Abadi Tbk,13-Nov-24,Industrials,PT MNC Sekuritas,pengembangan,lainnya,3250000000,0.2308,modal kerja,rupiah,1.79093E+11,99421829705,67291878880,20774760592,7747930601,107,999,147,122,,
DOSS,PT Global Sukses Digital Tbk,7-Aug-24,Consumer Cyclicals,PT Samuel Sekuritas Indonesia,pengembangan,start up,1725000000,0.2609,modal kerja,rupiah,1.66681E+11,71416068850,39183529825,2698002148,4704968777,135,999,73,44,30,
IPPE,PT Indo Pureco Pratama Tbk,9-Dec-21,Consumer Non-Cyclicals,PT KGI Sekuritas Indonesia; PT Mirae Asset Sekuritas Indonesia,pemantauan khusus,lainnya,4600000000,0.2174,modal belanja,rupiah,1.87927E+11,4512576000,17770838000,4520546000,1868854000,100,999,114,98,140,65
YOII,PT Asuransi Digital Bersama Tbk,8-Jan-25,Financials,PT Reliance Sekuritas Indonesia Tbk,pengembangan,start up,3424687500,0.1203,modal kerja,rupiah,2.62049E+11,95184184000,6.30347E+11,1.37843E+11,15924202000,100,999,9,-12,,
BAUT,PT Mitra Angkasa Sejahtera Tbk,28-Jan-22,Consumer Cyclicals,PT UOB Kay Hian Sekuritas,pemantauan khusus,lainnya,4800000000,0.3021,modal kerja,rupiah,85091000000,38393000000,66796000000,12857000000,5339000000,100,999,114,44,-50,-50
NETV,PT Net Visi Media Tbk,26-Jan-22,Consumer Cyclicals,PT NH Korindo Sekuritas Indonesia,pengembangan,konglomerat,23453177240,0.0437,bayar hutang,rupiah,1.71638E+12,1.69263E+12,2.82937E+11,95764000000,-1.21081E+11,196,999,227,160,42,1
ADMR,PT Adaro Minerals Indonesia Tbk,3-Jan-22,Energy,PT Ciptadana Sekuritas Asia,utama,konglomerat,40882331500,0.15,modal belanja,usd,1.1577E+13,1.0877E+13,2.94955E+12,1.15264E+12,6.42232E+11,100,999,280,1085,1525,1580
BOAT,PT Newport Marine Services Tbk,12-Nov-24,Energy,PT BRI Danareksa Sekuritas,pengembangan,lainnya,3501680000,0.2857,bayar hutang,usd,5.34317E+11,2.69713E+11,48967808500,9618191025,26565100,100,999,33,160,,
MEDS,PT Hetzer Medical Indonesia Tbk,10-Aug-22,Healthcare,PT Wanteg Sekuritas,pengembangan,lainnya,1562500000,0.2,modal belanja,rupiah,51305204186,16112021805,13038190545,7404692881,2729745532,125,999,127,114,0,-38
SMGA,PT Sumber Mineral Global Abadi Tbk,30-Jan-24,Basic Materials,PT Victoria Sekuritas Indonesia,pengembangan,lainnya,8750000000,0.2,modal kerja,rupiah,2.96714E+11,1.29356E+11,1.12156E+11,10667772090,5048029195,105,999,10,-3,-12,-43
KUAS,PT Ace Oldfields Tbk,25-Oct-21,Industrials,PT NH Korindo Sekuritas Indonesia,pengembangan,lainnya,1292570540,0.3017,modal belanja,rupiah,2.1077E+11,1.51524E+11,42163719743,8894908682,1527911869,195,999,12,22,-62,-65
MUTU,PT Mutuagung Lestari Tbk,9-Aug-23,Industrials,PT Trimegah Sekuritas Indonesia Tbk; PT Indo Premier Sekuritas,pengembangan,lainnya,3142857200,0.3,belanja modal,rupiah,1.60689E+11,81312965515,59417766384,25002220867,8156558559,108,999,23,69,-17,-26
NASI,PT Wahana Inti Makmur Tbk,13-Dec-21,Consumer Non-Cyclicals,PT UOB Kay Hian Sekuritas,pengembangan,lainnya,807400000,0.2477,modal kerja,rupiah,44016000000,12879000000,22578000000,4933000000,363000000,155,999,39,154,127,-39
BSML,PT Bintang Samudera Mandiri Lines Tbk,16-Dec-21,Energy,PT Danatama Makmur Sekuritas,pengembangan,lainnya,1850225000,0.2,modal kerja,rupiah,2.12953E+11,1.58237E+11,29289955455,8089193133,3531401645,117,999,12,247,695,266
PEVE,PT Penta Valent Tbk,24-Jan-23,Healthcare,PT Lotus Andalan Sekuritas,pengembangan,lainnya,1765625000,0.2,modal kerja,rupiah,6.49336E+11,5.14351E+11,1.16577E+12,1.05062E+11,9710178000,149,999,48,32,16,17
CBRE,PT Cakra Buana Resources Energi Tbk,9-Jan-23,Energy,PT RHB Sekuritas Indonesia; PT KGI Sekuritas Indonesia,pemantauan khusus,lainnya,4538000000,0.1626,modal kerja,rupiah,99682594325,13220496026,12071666666,-5721486216,2629841298,108,999,47,-17,-54,-54
SBMA,PT Surya Biru Murni Acetylene Tbk,8-Sep-21,Basic Materials,PT KGI Sekuritas Indonesia,pengembangan,lainnya,928400000,0.2999,modal belanja,rupiah,1.99117E+11,48863814619,32191782983,14916939307,272938091,180,999,178,143,62,24
SEMA,PT Semacom Integrated Tbk,10-Jan-22,Energy,PT NH Korindo Sekuritas Indonesia,pengembangan,lainnya,1347000000,0.2576,modal kerja,rupiah,1.46958E+11,84122225649,60908982311,19362247071,4959696897,180,999,34,53,12,-18
GPSO,PT Geoprima Solusi Tbk,6-Sep-21,Industrials,PT Surya Fajar Sekuritas; PT NH Korindo Sekuritas Indonesia ,pengembangan,lainnya,666666600,0.25,modal kerja,rupiah,65683598000,20693579000,1949418000,1101686,-242723000,180,999,4,-3,-41,-32
DATA,PT Remala Abadi Tbk,7-May-24,Technology,PT UOB Kay Hian Sekuritas,pengembangan,lainnya,1375000000,0.2,modal belanja,rupiah,1.35746E+11,41037741015,1.79096E+11,1.03861E+11,29392868254,188,999,132,63,214,671
MPXL,PT MPX Logistics International Tbk,9-May-23,Transportation & Logistic,PT Panin Sekuritas Tbk,pengembangan,lainnya,2000000000,0.2,modal belanja,rupiah,60721431854,21198134841,1.07021E+11,14018072896,6025095569,108,999,14,15,59,36
FORE,PT Fore Kopi Indonesia Tbk,14-Apr-25,Consumer Non-Cyclicals,PT Mandiri Sekuritas,pengembangan,start up,8918359270,0.2108,ekspansi,rupiah,6.04784E+11,3.81471E+11,7.27371E+11,4.46553E+11,42347424194,188,999,97,,,
BLES,PT Superior Prima Sukses Tbk,8-Jul-24,Basic Materials,PT Lotus Andalan Sekuritas,pengembangan,lainnya,8890206400,0.15,modal belanja,rupiah,1.52874E+12,7.76374E+11,1.36313E+12,4.20876E+11,1.50952E+11,183,999,41,15,33,
BIKE,PT Sepeda Bersama Indonesia Tbk,21-Mar-22,Consumer Cyclicals,PT Trimegah Sekuritas Indonesia Tbk; PT Mirae Asset Sekuritas Indonesia; PT NH Korindo Sekuritas Indonesia,pengembangan,lainnya,1293334000,0.25,modal kerja,rupiah,1.24779E+11,75005840000,1.2294E+11,32574485000,20266419,170,999,38,1,41,22
PIPA,PT Multi Makmur Lemindo Tbk,10-Apr-23,Industrials,PT Shinhan Sekuritas Indonesia,pemantauan khusus,lainnya,3425000000,0.2701,modal belanja,rupiah,89251027649,37456058142,31844661037,8223012707,71208770918,105,999,60,1,-52,-52
ACRO,PT Samcro Hyosung Adilestari Tbk,11-Jan-24,Consumer Cyclicals,PT UOB Kay Hian Sekuritas,pengembangan,lainnya,3469138591,0.2,modal belanja,rupiah,1.03973E+11,48295012099,22767290135,9785001404,4158520192,108,999,-1,-15,-22,-32
KOKA,PT Koka Indonesia Tbk,11-Oct-23,Infrastructures,PT KGI Sekuritas Indonesia; PT UOB Kay Hian Sekuritas,pengembangan,lainnya,2861333000,0.25,modal kerja,rupiah,1.07174E+11,29744646475,69544387366,19532946868,11871688903,128,33,-13,-52,-47,-52
TRON,PT Teknologi Karya Digital Nusa Tbk,8-Mar-23,Technology,PT Surya Fajar Sekuritas,pengembangan,start up,2950000000,0.2542,modal kerja,rupiah,83367300740,23190851888,84040736448,34149410258,13404525000,180,31,50,53,64,42
VISI,PT Satu Visi Putra Tbk,27-Feb-24,Industrials,PT Surya Fajar Sekuritas,pengembangan,lainnya,3075000000,0.2,modal kerja,rupiah,2.29949E+11,1.23509E+11,2.56221E+11,42715857888,20389240403,120,28,2,42,98,52
KDTN,PT Puri Sentul Permai Tbk,9-Nov-22,Consumer Cyclicals,PT Victoria Sekuritas Indonesia,pengembangan,lainnya,1250000000,0.2,ekspansi,rupiah,45367912371,15230430759,11720717966,5926169192,1024168625,150,26,7,-8,-10,-30
MORA,PT Mora Telematika Indonesia Tbk,8-Aug-22,Infrastructures,PT BNI Sekuritas; PT Sucor Sekuritas,pengembangan,lainnya,23646668691,0.1068,ekspansi,rupiah,1.44149E+13,9.67057E+12,1.02607E+12,6.61272E+11,1.83619E+11,396,999,46,48,10,18
ASLC,PT Autopedia Sukses Lestari Tbk,25-Jan-22,Consumer Cyclicals,PT Ciptadana Sekuritas Asia; PT Trimegah Sekuritas Indonesia Tbk,pengembangan,konglomerat,12746354780,0.2,modal kerja,rupiah,4.30826E+11,1.62368E+11,1.35281E+11,1.14188E+11,23065650000,256,999,13,2,-30,-64
OBAT,PT Brigit Biofarmaka Teknologi Tbk,13-Jan-25,Healthcare,PT OSO Sekuritas,pengembangan,start up,600000000,0.2833,modal belanja,rupiah,52084891107,24611140994,54758628634,24080092169,12644897342,350,999,70,77,,
TRGU,PT Cerestar Indonesia Tbk,8-Jul-22,Consumer Non-Cyclicals,PT Semesta Indovest Sekuritas,utama,lainnya,7945412700,0.1887,modal belanja,rupiah,1.98106E+12,1.3103E+12,3.42056E+12,2.70312E+11,26802289013,210,999,124,62,5,2
RSGK,PT Kedoya Adyaraya Tbk,8-Sep-21,Healthcare,PT Buana Capital Sekuritas,pengembangan,lainnya,929675000,0.2,bayar hutang,rupiah,7.23809E+11,2.11438E+11,1.83713E+11,80875105704,37483477810,1720,999,14,-2,-16,-25
CMNT,PT Cemindo Gemilang Tbk,8-Sep-21,Basic Materials,PT Ciptadana Sekuritas Asia; PT UBS Sekuritas Indonesia; PT Mandiri Sekuritas,pengembangan,konglomerat,17125504000,0.1004,modal kerja,rupiah,1.76453E+13,1.42971E+13,6.43342E+12,1.28679E+12,-8.39791E+11,680,999,20,39,55,49
MINE,PT Sinar Terang Mandiri Tbk,10-Mar-25,Basic Materials,PT Trimegah Sekuritas Indonesia Tbk,utama,lainnya,4084435300,0.15,modal belanja,rupiah,1.50585E+12,8.80325E+11,1.36338E+12,3.54514E+11,2.25177E+11,216,999,126,112,,
MTMH,PT Murni Sadar Tbk,20-Apr-22,Healthcare,PT BCA Sekuritas; PT Ciptadana Sekuritas Asia,utama,lainnya,2068526950,0.1228,modal kerja,rupiah,1.38777E+12,6.36357E+11,8.4837E+11,3.95323E+11,1.22197E+11,1280,999,21,27,51,18
MPIX,PT Mitra Pedagang Indonesia Tbk,7-Feb-24,Technology,PT RHB Sekuritas Indonesia; PT KGI Sekuritas Indonesia,pengembangan,konglomerat,1571500000,0.2,modal kerja,rupiah,55369171422,15502541736,4.8572E+11,19504902740,12065548843,268,999,-50,-35,-78,-77
RAAM,PT Tripar Multivision Plus Tbk,8-May-23,Consumer Cyclicals,PT UOB Kay Hian Sekuritas; PT Sucor Sekuritas,utama,lainnya,6194200000,0.15,modal kerja,rupiah,1.11633E+12,1.98691E+11,11410000000,6601000000,-44000000,234,999,201,225,105,122
HAIS,PT Hasnur Internasional Shipping Tbk,1-Sep-21,Transportation & Logistic,PT RHB Sekuritas Indonesia,pengembangan,konglomerat,2626250000,0.2,modal belanja,rupiah,3.84296E+11,1.31999E+11,77773818670,15445429268,7882013440,300,999,-3,-12,-19,-19
PART,PT Cipta Perdana Lancar Tbk,5-Jul-24,Consumer Cyclicals,PT MNC Sekuritas; PT Erdikha Elit Sekuritas; PT KB Valbury Sekuritas,pengembangan,lainnya,2720000000,0.25,modal belanja,rupiah,2.21377E+11,1.57839E+11,2.38107E+11,48182457349,45353922403,105,999,23,64,-8,
BMHS,PT Bundamedik Tbk,6-Jul-21,Healthcare,PT Ciptadana Sekuritas Asia,utama,konglomerat,8603416176,0.0726,bayar hutang,rupiah,2.16254E+12,1.11284E+12,1.14814E+12,3.68104E+11,1.1846E+11,340,999,201,203,131,74
STAA,PT Sumber Tani Agung Resources Tbk,10-Mar-22,Consumer Non-Cyclicals,PT CIMB Niaga Sekuritas; PT DBS Vickers Sekuritas Indonesia,utama,lainnya,10903372600,0.0806,modal belanja,rupiah,5.68905E+12,2.77975E+12,4.17974E+12,1.63996E+12,8.04524E+11,600,999,36,52,93,67
CUAN,PT Petrindo Jaya Kreasi Tbk,8-Mar-23,Energy,PT Henan Putihrai Sekuritas; PT BRI Danareksa Sekuritas,utama,konglomerat,11241890000,0.1503,ekspansi,rupiah,1.41046E+12,4.05585E+11,9.13529E+11,-6.01225E+11,-2.91892E+11,220,999,200,309,991,3014
MASB,PT Bank Multiarta Sentosa Tbk,30-Jun-21,Financials,PT BCA Sekuritas,pemantauan khusus,lainnya,1226902970,0.15,modal kerja,rupiah,2.15379E+13,1.96481E+13,1.21223E+12,4.31357E+11,1.08192E+11,3360,999,3,0,5,4
ALII,PT Ancara Logistics Indonesia Tbk,7-Feb-24,Energy,PT Ciptadana Sekuritas Asia; PT Samuel Sekuritas Indonesia,utama,lainnya,15825800000,0.2,bayar hutang,rupiah,1.85516E+12,1.24085E+12,6.62881E+11,2.94865E+11,1.66133E+11,272,999,45,80,17,44
CBDK,PT Bangun Kosambi Sukses Tbk,13-Jan-25,Properties & Real Estate,PT Trimegah Sekuritas Indonesia Tbk,utama,lainnya,5668944500,0.1,ekspansi,rupiah,1.8157E+13,1.00144E+13,9.69408E+11,5.61103E+11,4.79102E+11,4060,999,157,83,,
BREN,PT Barito Renewables Energy Tbk,9-Oct-23,Infrastructures,PT BNI Sekuritas,utama,konglomerat,1.33786E+11,0.03,bayar hutang,usd,5.4479E+13,4.70396E+13,2.307E+12,1.19709E+12,6.22098E+11,780,999,203,464,788,759
RATU,PT Raharja Energi Cepu Tbk,8-Jan-25,Energy,PT Sucor Sekuritas; PT Henan Putihrai Sekuritas,pengembangan,lainnya,2715053800,0.2,modal kerja,usd,8.19599E+11,4.81453E+11,4.52667E+11,1.87504E+11,1.20425E+11,1150,999,202,557,,
BUAH,PT Segar Kumala Indonesia Tbk,9-Aug-22,Consumer Non-Cyclicals,PT Reliance Sekuritas Indonesia Tbk,pengembangan,lainnya,1000000000,0.2,modal kerja,rupiah,2.75986E+11,2.09415E+11,2.80332E+11,26666886003,1315883908,388,999,20,61,178,272
DAAZ,PT Daaz Bara Lestari Tbk,11-Nov-24,Basic Materials,PT Henan Putihrai Sekuritas,utama,lainnya,1997000000,0.1502,modal belanja,rupiah,3.4299E+12,2.15705E+12,2.5874E+12,2.06089E+11,84937130145,880,999,203,570,,
JARR,PT Jhonlin Agro Raya Tbk,4-Aug-22,Consumer Non-Cyclicals,PT Investindo Nusantara Sekuritas; PT Panca Global Sekuritas; PT Binaartha Sekuritas; PT Lotus Andalan Sekuritas,utama,konglomerat,8000000000,0.1529,modal kerja,rupiah,3.3321E+13,2.48661E+12,1.30306E+12,1.2895E+11,-80270000000,300,999,68,46,-8,-39
ISEA,PT Indo American Seafoods Tbk,8-Jul-24,Consumer Non-Cyclicals,PT KB Valbury Sekuritas,pengembangan,lainnya,1390000000,0.1318,modal kerja,rupiah,2.48491E+11,2.23573E+11,1.15908E+11,32566961157,345511105,250,999,41,-54,-71,
KSIX,PT Kentanix Supra International Tbk,8-Jan-25,Properties & Real Estate,PT UOB Kay Hian Sekuritas,pengembangan,start up,2137831800,0.15,modal kerja,rupiah,1.22044E+12,52719851000,1.26108E+11,74241282000,41466884000,452,999,-31,-52,,
CBUT,PT Citra Borneo Utama Tbk,8-Nov-22,Consumer Non-Cyclicals,PT BRI Danareksa Sekuritas; PT Maybank Sekuritas Indonesia; PT Mirae Asset Sekuritas Indonesia; PT UOB Kay Hian Sekuritas,pengembangan,konglomerat,3125000000,0.2,ekspansi,rupiah,2.45181E+12,2.29382E+12,4.7091E+12,-9.22141E+11,-59633000000,690,999,21,88,180,197
CGAS,PT Citra Nusantara Gemilang Tbk,8-Jan-24,Energy,PT Pilarmas Investindo Sekuritas,pengembangan,lainnya,1771429000,0.3,modal belanja,rupiah,1.88554E+11,1.12145E+11,1.82662E+11,35402308261,4634084942,338,999,46,-46,-61,-70
BOBA,PT Formosa Ingredient Factory Tbk,1-Nov-21,Consumer Non-Cyclicals,PT Victoria Sekuritas Indonesia,pengembangan,lainnya,1155750000,0.1211,modal kerja,rupiah,1.04187E+11,9556843878,46703489538,20347658548,11311059397,280,999,10,-11,-30,-31
BRRC,PT Raja Roti Cemerlang Tbk,9-Jan-25,Consumer Non-Cyclicals,PT NH Korindo Sekuritas Indonesia,pengembangan,lainnya,971500000,0.3001,modal kerja,rupiah,47568348659,27990918647,40950293938,7217766290,658106357,210,999,-20,-72,,
RMKO,PT Royaltama Mulia Kontraktorindo Tbk,31-Jul-23,Energy,PT Victoria Sekuritas Indonesia,pengembangan,lainnya,1250000000,0.2,modal belanja,rupiah,2.37082E+11,1.18709E+11,20915132345,4003778562,1831216675,450,999,21,-17,-43,-53
DEPO,PT Caturkarda Depo Bangunan Tbk,25-Nov-21,Consumer Cyclicals,PT Mirae Asset Sekuritas Indonesia,pengembangan,lainnya,6790000000,0.1508,modal belanja,rupiah,1.21175E+12,5.84663E+11,1.16742E+12,2.08086E+11,47142228011,482,999,27,1,3,-2
DGWG,PT Delta Giri Wacana Tbk,13-Jan-25,Basic Materials,PT BRI Danareksa Sekuritas; PT Samuel Sekuritas Indonesia; PT Shinhan Sekuritas Indonesia,utama,lainnya,5882353000,0.15,modal belanja,rupiah,1.78518E+12,1.76341E+12,1.48489E+12,4.08898E+11,32730000000,230,999,26,89,,
OMED,PT Jayamas Medica Industri Tbk,8-Nov-22,Healthcare,PT CLSA Sekuritas Indonesia; PT CIMB Niaga Sekuritas; PT Ciptadana Sekuritas Asia,utama,lainnya,27058850000,0.15,modal belanja,rupiah,1.44909E+12,3.63751E+11,6.66684E+11,2.03727E+11,88918000000,204,999,26,17,-3,3
OILS,PT Indo Oil Perkasa Tbk,6-Sep-21,Consumer Non-Cyclicals,PT Korea Investment And Sekuritas Indonesia,pengembangan,lainnya,454000000,0.3304,modal kerja,rupiah,73083000000,38593000000,1.19915E+11,8900000000,2415000000,270,999,126,22,-7,-18
KKES,PT Kusuma Kemindo Sentosa Tbk,8-Aug-22,Basic Materials,PT Mirae Asset Sekuritas Indonesia,pemantauan khusus,lainnya,1500000000,0.2,modal kerja,rupiah,1.19212E+11,83976875365,62369570267,13093364439,-3869952332,105,21,13,62,-10,-49
BINO,PT Perma Plasindo Tbk,25-Nov-21,Industrials,PT Semesta Indovest Sekuritas; PT Phillip Sekuritas Indonesia; PT Indo Capital Sekuritas,pengembangan,lainnya,2175000000,0.2,bayar hutang,rupiah,4.18424E+11,1.39634E+11,1.41434E+11,43816053442,1469730259,138,21,1,3,-4,-5
AADI,PT Adaro Andalan Indonesia Tbk,5-Dec-24,Energy,PT Trimegah Sekuritas Indonesia Tbk,utama,lainnya,7786891760,0.1,bayar hutang,usd,86140817490,42999869850,42118981905,12322062060,14630470785,5550,999,73,41,,
NICE,PT Adhi Kartiko Pratama Tbk,9-Jan-24,Basic Materials,PT KB Valbury Sekuritas; PT Trimegah Sekuritas Indonesia Tbk; PT UOB Kay Hian Sekuritas,pengembangan,lainnya,6082020000,0.2,modal belanja,rupiah,2.65717E+11,1.46681E+11,3.78563E+11,66860665592,40546970835,438,20,31,19,47,-19
PTMP,PT Mitra Pack Tbk,6-Mar-23,Industrials,PT NH Korindo Sekuritas Indonesia,pengembangan,lainnya,3169200000,0.2524,modal kerja,rupiah,1.26238E+11,49844022287,1.2365E+11,41034013215,16562689559,120,19,13,77,14,145
LIVE,PT Homeco Victoria Makmur Tbk,12-Feb-24,Consumer Cyclicals,PT Binaartha Sekuritas; PT Samuel Sekuritas Indonesia,pengembangan,lainnya,4593005014,0.176,bayar hutang,rupiah,2.936E+11,1.23107E+11,1.34225E+11,53192267025,19646585653,148,18,16,4,36,35
HALO,PT Haloni Jane Tbk,8-Feb-23,Healthcare,PT Danatama Makmur Sekuritas; PT KB Valbury Sekuritas,pengembangan,lainnya,5650000000,0.2,modal kerja,rupiah,3.09954E+11,2.84692E+11,1.99908E+11,19905159815,-8219903475,100,17,19,17,-20,-50
CNMA,PT Nusantara Sejahtera Raya Tbk,2-Aug-23,Consumer Cyclicals,PT Indo Premier Sekuritas; PT J.P. Morgan Sekuritas Indonesia; PT Mandiri Sekuritas; PT UBS Sekuritas Indonesia,utama,konglomerat,83345000000,0.1,ekspansi,rupiah,6.75955E+12,4.1069E+12,4.40105E+12,7.24138E+11,5.04535E+11,270,17,14,1,-4,-16
BEER,PT Jobubu Jarum Minahasa Tbk,6-Jan-23,Consumer Non-Cyclicals,PT UOB Kay Hian Sekuritas,pengembangan,lainnya,4000000000,0.2,modal kerja,rupiah,61270561863,15192857961,54901084237,22782242271,-11058064724,220,17,25,66,54,30
MSJA,PT Multi Spunindo Jaya Tbk,10-Jan-24,Consumer Cyclicals,PT BRI Danareksa Sekuritas; PT Reliance Sekuritas Indonesia Tbk,pengembangan,lainnya,5882352900,0.15,modal belanja,usd,1.42572E+12,4.2867E+11,5.67353E+11,1.23145E+11,56884119265,300,15,25,13,-3,13
GRPH,PT Griptha Putra Persada Tbk,18-Jan-24,Consumer Cyclicals,PT Elit Sukses Sekuritas,pengembangan,lainnya,1000000000,0.2,modal belanja,rupiah,73950057594,21025042960,14725921772,7841265534,1430965988,103,15,-17,-45,-51,-51
BDKR,PT Berdikari Pondasi Perkasa Tbk,3-Mar-23,Infrastructures,PT Semesta Indovest Sekuritas,utama,lainnya,4707100000,0.15,modal kerja,rupiah,1.11592E+12,5.4684E+11,4.77121E+11,1.41746E+11,77053374038,200,15,29,28,153,160
CRSN,PT Carsurin Tbk,10-Jul-23,Industrials,PT NH Korindo Sekuritas Indonesia,pengembangan,lainnya,2892000000,0.2075,modal belanja,rupiah,1.70091E+11,55562227348,3.63365E+11,1.8348E+11,30209836389,125,14,-10,-7,-2,-20
HYGN,PT Ecocare Indo Pasifik Tbk,13-Feb-24,Industrials,PT KGI Sekuritas Indonesia,pengembangan,lainnya,2525000000,0.2079,modal kerja,rupiah,1.39829E+11,61882288446,1.31412E+11,54981049260,8794484224,145,14,17,3,-8,-11
RSCH,PT Charlie Hospital Semarang Tbk,28-Aug-23,Healthcare,PT Shinhan Sekuritas Indonesia; PT Elit Sukses Sekuritas,pengembangan,lainnya,2650000000,0.2,ekspansi,rupiah,96925615357,3986559229,5941174501,1175960713,-625398563,115,14,16,5,30,178
FOLK,PT Multi Garam Utama Tbk,7-Aug-23,Industrials,PT KGI Sekuritas Indonesia; PT Samuel Sekuritas Indonesia,pengembangan,lainnya,3948133300,0.1444,modal belanja,rupiah,76693950132,4469822412,7525201923,4618641919,-378421337,100,13,-15,-27,-41,-45
GOTO,PT GoTo Gojek Tokopedia Tbk,11-Apr-22,Technology,PT Indo Premier Sekuritas; PT Mandiri Sekuritas; PT Trimegah Sekuritas Indonesia Tbk; PT Nilai Inti Sekuritas; PT CIMB Niaga Sekuritas; PT Credit Suisse Sekuritas Indonesia; PT CLSA Sekuritas Indonesia; PT Deutsche Sekuritas Indonesia; PT Aldiracita Sekuritas Indonesia; PT BNI Sekuritas; PT Panin Sekuritas Tbk; PT Sucor Sekuritas; PT KB Valbury Sekuritas,ekonomi baru,start up,1.18436E+12,0.0343,modal kerja,rupiah,1.48213E+14,1.76898E+13,3.92524E+13,6.8985E+12,-8.16947E+12,338,13,12,-30,-28,-72
MBMA,PT Merdeka Battery Materials Tbk,18-Apr-23,Basic Materials,PT Indo Premier Sekuritas; PT Trimegah Sekuritas Indonesia Tbk; PT UBS Sekuritas Indonesia; PT Macquarie Sekuritas Indonesia; PT Sucor Sekuritas; PT Aldiracita Sekuritas Indonesia; PT Ciptadana Sekuritas Asia,pengembangan,konglomerat,1.07995E+11,0.1024,bayar hutang,usd,2.87582E+13,9.14245E+12,4.39496E+12,4.75356E+11,-4.93098E+11,795,11,1,-1,-10,-32
CMRY,PT Cisarua Mountain Dairy Tbk,6-Dec-21,Consumer Non-Cyclicals,PT CLSA Sekuritas Indonesia; PT Mandiri Sekuritas; PT Panin Sekuritas Tbk,utama,lainnya,7934683000,0.15,modal belanja,rupiah,1.39493E+12,6.9299E+11,1.58175E+12,7.57422E+11,3.64502E+11,3080,11,12,8,27,44
VKTR,PT VKTR Teknologi Mobilitas Tbk,19-Jun-23,Consumer Cyclicals,PT Samuel Sekuritas Indonesia; PT Ciptadana Sekuritas Asia; PT Trimegah Sekuritas Indonesia Tbk,pengembangan,konglomerat,43750000000,0.2,bayar hutang,rupiah,1.03291E+12,7.58025E+11,1.07113E+12,1.92662E+11,68241000000,100,11,15,30,15,0
MCOL,PT Prima Andalan Mandiri Tbk,7-Sep-21,Energy,PT Buana Capital Sekuritas,utama,lainnya,3555560000,0.1,modal belanja,usd,4.90274E+12,2.42158E+12,1.16128E+12,4.98701E+11,3.00483E+11,1420,999,15,23,155,393
SPRE,PT Soraya Berjaya Indonesia Tbk,3-Jul-24,Consumer Cyclicals,PT MNC Sekuritas,akselerasi,lainnya,800000000,0.3,modal kerja,rupiah,24832103243,7119688866,49130209616,11454073301,2936432560,125,999,41,182,31,
MEJA,PT Harta Djaya Karya Tbk,12-Feb-24,Consumer Cyclicals,PT MNC Sekuritas; PT Erdikha Elit Sekuritas,akselerasi,lainnya,1917500000,0.2503,modal kerja,rupiah,50287076489,18626257449,16546905932,7938719517,2837036532,103,999,-2,59,83,290
UVCR,PT Trimegah Karya Pratama Tbk,27-Jul-21,Technology,PT Surya Fajar Sekuritas; PT Mirae Asset Sekuritas Indonesia; PT NH Korindo Sekuritas Indonesia,pengembangan,lainnya,2000000000,0.25,modal belanja,rupiah,45197327857,14358796166,1.94487E+11,4634336907,543491609,100,999,60,374,228,43
UDNG,PT Agro Bahari Nusantara Tbk,31-Oct-23,Consumer Non-Cyclicals,PT MNC Sekuritas; PT Korea Investment and Sekuritas Indonesia,akselerasi,lainnya,1750000000,0.2857,ekspansi,rupiah,15186124530,1122288441,3883986712,2017083946,1603608081,100,999,-5,20,-36,-50
PADA,PT Personel Alih Daya Tbk,8-Dec-22,Industrials,PT UOB Kay Hian Sekuritas; PT Erdikha Elit Sekuritas,pemantauan khusus,lainnya,3150000000,0.2857,modal kerja,rupiah,2.37418E+11,1.8591E+11,4.53496E+11,26291520919,-2375473564,100,999,10,144,-19,-50
IBOS,PT Indo Boga Sukses Tbk,25-Apr-22,Consumer Non-Cyclicals,PT NH Korindo Sekuritas Indonesia; PT Surya Fajar Sekuritas,akselerasi,lainnya,8036800000,0.2,modal kerja,rupiah,2.0962E+11,37999197769,67342297564,30034009045,8670385398,100,999,18,21,-8,152
WIDI,PT Widiant Jaya Krenindo Tbk,10-Jul-23,Industrials,PT Artha Sekuritas Indonesia,akselerasi,lainnya,1600000000,0.25,modal kerja,rupiah,16705893953,6590764278,11041189690,4559342330,1010755134,100,999,8,40,-56,-92
RELF,PT Graha Mitra Asia Tbk,22-Jun-23,Properties & Real Estate,PT UOB Kay Hian Sekuritas,akselerasi,lainnya,5727800000,0.2095,modal belanja,rupiah,1.66038E+11,47576000000,18347000000,9427000000,77883323364,90,999,57,53,-71,-83
IKPM,PT Ikapharmindo Putramas Tbk,8-Nov-23,Healthcare,PT OCBC Sekuritas Indonesia,pengembangan,lainnya,1684662500,0.2,modal belanja,rupiah,4.15412E+11,2.31508E+11,1.4328E+11,60617045178,7820082753,165,10,5,16,52,67
SICO,PT Sigma Energy Compressindo Tbk,8-Apr-22,Energy,PT NH Korindo Sekuritas Indonesia,pengembangan,lainnya,910000000,0.2967,ekspansi,rupiah,7.07444E+13,29927805970,55027724413,24321508093,6841129544,230,10,-16,-32,-21,-40
NANO,PT Nanotech Indonesia Global Tbk,10-Mar-22,Consumer Non-Cyclicals,PT UOB Kay Hian Sekuritas,akselerasi,start up,4285000000,0.2999,modal belanja,rupiah,42464000000,3439000000,18213000000,7561000000,2435000000,100,999,60,-11,-49,-74
CHIP,PT Pelita Teknologi Global Tbk,8-Feb-23,Technology,PT Lotus Andalan Sekuritas,akselerasi,start up,806000000,0.2481,modal kerja,rupiah,61253286000,45721982000,56635038000,10150775000,-5014838000,160,999,44,322,888,1306
LMAX,PT Lupromax Pelumas Indonesia Tbk,9-Aug-23,Consumer Cyclicals,PT Shinhan Sekuritas Indonesia,akselerasi,lainnya,650000000,0.2609,belanja modal,rupiah,28335811674,17101553682,37693608446,16978246689,155841482,200,999,46,0,-36,-86
WGSH,PT Wira Global Solusi Tbk.,6-Dec-21,Technology,PT Shinhan Sekuritas Indonesia,akselerasi,start up,1042500000,0.2,modal kerja,rupiah,23750439867,2323307736,10558176845,5794358207,1832046461,140,999,59,15,47,9
VTNY,PT Venteny Fortuna International Tbk,15-Dec-22,Financials,PT BRI Danareksa Sekuritas; PT Surya Fajar Sekuritas; PT Mirae Asset Sekuritas Indonesia; PT Mega Capital Sekuritas,pengembangan,start up,6265193445,0.15,ekspansi,rupiah,3.54526E+11,2.73891E+11,29205224272,10982081910,3778232736,360,10,12,18,1,-27
IDEA,PT Idea Indonesia Akademi Tbk,9-Sep-21,Consumer Cyclicals,PT Indo Capital Sekuritas; PT Phillip Sekuritas Indonesia,akselerasi,lainnya,1062437500,0.2,modal kerja,rupiah,59323669225,22339743189,8407913402,7238586138,2645858968,140,999,-11,41,-50,-56
HAJJ,PT Arsy Buana Travelindo Tbk,5-Apr-23,Consumer Cyclicals,PT Surya Fajar Sekuritas,akselerasi,lainnya,2290500000,0.2999,modal kerja,rupiah,97242816189,45129761711,1.89728E+11,-12053839788,-5839090611,140,999,25,211,9,-7
BABY,PT Multitrend Indo Tbk,7-Sep-23,Consumer Cyclicals,PT UOB Kay Hian Sekuritas,pengembangan,konglomerat,2668586400,0.2001,modal kerja,rupiah,6.965E+11,3.10758E+11,1.62413E+11,74435299286,-516222013,266,9,-2,2,-43,-22
BATR,PT Benteng Api Technic Tbk,10-Jun-24,Basic Materials,PT KGI Sekuritas Indonesia,pengembangan,lainnya,3025000000,0.205,modal kerja,rupiah,1.1273E+11,41433504401,1.23185E+11,36249780086,9321047873,110,9,-19,-22,-32,
RUNS,PT Global Sukses Solusi Tbk,8-Sep-21,Technology,PT BRI Danareksa Sekuritas; PT Mirae Asset Sekuritas Indonesia,akselerasi,start up,983557875,0.2001,modal kerja,rupiah,35362158125,2927065535,176194433,170825588,-2560268340,254,9,58,84,-36,-31
MKTR,PT Menthobi Karyatama Raya Tbk,8-Nov-22,Consumer Non-Cyclicals,PT Danatama Makmur Sekuritas; PT KB Valbury Sekuritas; PT Wanteg Sekuritas,utama,konglomerat,12000000000,0.2083,ekspansi,rupiah,6.72184E+11,4.60312E+11,4.66973E+11,80739758000,26304647000,120,8,9,4,73,3
SWID,PT Saraswanti Indoland Development Tbk,7-Jul-22,Properties & Real Estate,PT Shinhan Sekuritas Indonesia,pengembangan,konglomerat,5385000000,0.0631,modal kerja,rupiah,2.66575E+11,1.43767E+11,1.27279E+11,64695066120,20437980109,200,8,-19,-28,-50,-60
KETR,PT Ketrosden Triasmitra Tbk,10-Nov-22,Infrastructures,PT Shinhan Sekuritas Indonesia,pengembangan,lainnya,2841262838,0.15,modal kerja,rupiah,1.41828E+12,7.20334E+11,1.61712E+11,95038769033,28154823508,300,7,-6,-25,-39,-23
MSTI,PT Mastersystem Infotama Tbk,8-Nov-23,Technology,PT Indo Premier Sekuritas; PT Maybank Sekuritas Indonesia,utama,lainnya,3138823600,0.15,bayar hutang,rupiah,2.17612E+12,8.93732E+11,7.45201E+11,1.45723E+11,49672007236,1355,7,2,0,11,14
PTMR,PT Master Print Tbk,8-Oct-24,Basic Materials,PT Profindo Sekuritas Indonesia,pengembangan,lainnya,1907000000,0.2281,modal kerja,rupiah,93374827334,51909970082,26793959256,7008126355,2291869698,128,7,2,0,2,
AREA,PT Dunia Virtual Online Tbk,1-Apr-24,Consumer Cyclicals,PT Panin Sekuritas Tbk,pengembangan,start up,2539601000,0.2008,modal belanja,rupiah,2.21081E+11,60114052829,30931147656,10776423374,1846798291,131,6,-14,-14,63,247
HGII,PT Hero Global Investment Tbk,9-Jan-25,Infrastructures,PT OCBC Sekuritas Indonesia; PT UOB Kay Hian Sekuritas,pengembangan,lainnya,6500000000,0.2,modal belanja,rupiah,7.27889E+11,2.58317E+11,56516437000,50842348000,26307712000,200,6,-3,-6,,
TLDN,PT Teladan Prima Agro Tbk,12-Apr-22,Consumer Non-Cyclicals,PT BNI Sekuritas; PT CIMB Niaga Sekuritas,pengembangan,lainnya,12946530200,0.04,bayar hutang,rupiah,4.84834E+12,3.76212E+12,2.04214E+12,7.6296E+11,2.68776E+11,580,6,1,17,0,-14
NSSS,PT Nusantara Sawit Sejahtera Tbk,10-Mar-23,Consumer Non-Cyclicals,PT Samuel Sekuritas Indonesia; PT BRI Danareksa Sekuritas; PT Sucor Sekuritas; PT Mirae Asset Sekuritas Indonesia; PT Yulie Sekuritas Indonesia Tbk; PT Phillip Sekuritas Indonesia; PT Danasakti Sekuritas Indonesia,pengembangan,lainnya,23788235300,0.15,modal belanja,rupiah,2.93265E+12,2.30733E+12,8.64315E+11,3.45297E+11,-64599000000,127,6,3,14,52,38
HILL,PT Hillcon Tbk,1-Mar-23,Energy,PT Mirae Asset Sekuritas Indonesia; PT Sucor Sekuritas; PT Macquarie Sekuritas Indonesia,utama,lainnya,2948300000,0.15,modal kerja,rupiah,3.09479E+12,2.23478E+12,2.17121E+12,5.79102E+11,-2.60429E+11,1250,6,26,62,132,93
AMMS,PT Agung Menjangan Mas Tbk,4-Aug-22,Consumer Non-Cyclicals,PT Indo Capital Sekuritas,akselerasi,lainnya,1200000000,0.2,modal kerja,rupiah,48423025720,1988807959,1920384057,1150493600,-301351432,100,5,8,35,-59,-63
DOOH,PT Era Media Sejahtera Tbk,8-May-23,Consumer Cyclicals,PT Indo Capital Sekuritas; PT KGI Sekuritas Indonesia,pengembangan,start up,7737500000,0.2,modal kerja,rupiah,79524869710,9144769845,31038251553,15767120205,6318199485,100,5,-1,-48,60,-45
TOSK,PT Topindo Solusi Komunika Tbk,7-Feb-24,Technology,PT MNC Sekuritas; PT Erdikha Elit Sekuritas,pengembangan,start up,4375000000,0.2,modal kerja,rupiah,87673817000,49635805000,1.35495E+12,15308713000,1585481000,125,4,-23,-19,-60,-60
NCKL,PT Trimegah Bangun Persada Tbk,12-Apr-23,Basic Materials,PT BNP Paribas Securities Indonesia; PT Citigroup Sekuritas Indonesia; PT Credit Suisse Sekuritas Indonesia; PT Mandiri Sekuritas; PT DBS Vickers Sekuritas Indonesia; PT OCBC Sekuritas Indonesia; PT UOB Kay Hian Sekuritas,utama,konglomerat,63098600000,0.1267,bayar hutang,rupiah,3.35923E+13,1.9617E+13,9.04041E+12,4.48902E+12,4.30569E+12,1250,4,16,-10,-21,-28
RGAS,PT Kian Santang Muliatama Tbk,8-Nov-23,Energy,PT Erdikha Elit Sekuritas,pengembangan,lainnya,1459200000,0.229,modal belanja,rupiah,52583752249,1528180938,12375275001,4495661360,1208248812,120,4,-8,-13,-21,-13
AMMN,PT Amman Mineral Internasional Tbk,7-Jul-23,Basic Materials,PT BNI Sekuritas; PT Mandiri Sekuritas; PT CLSA Sekuritas Indonesia; PT DBS Vickers Sekuritas Indonesia; PT BRI Danareksa Sekuritas; PT Maybank Sekuritas Indonesia; PT Samuel Sekuritas Indonesia,utama,konglomerat,71915881656,0.088,modal belanja,usd,1.01173E+14,4.49848E+13,4.40579E+13,2.55131E+13,1.71051E+13,1695,4,4,69,282,581
CHEM,PT Chemstar Indonesia Tbk,8-Jul-22,Basic Materials,PT NH Korindo Sekuritas Indonesia,pengembangan,lainnya,1700000000,0.2941,modal kerja,rupiah,90598393183,48497676787,89623687082,35214484287,12900178620,150,3,-17,-18,-6,-29
ERAL,PT Sinar Eka Selaras Tbk,8-Aug-23,Consumer Cyclicals,PT Mirae Asset Sekuritas Indonesia; PT BNI Sekuritas,utama,start up,5187500000,0.2,modal kerja,rupiah,1.40634E+12,4.71648E+11,3.60182E+11,40131786696,18895697547,390,3,-6,-5,-22,-39
VERN,PT Verona Indah Pictures Tbk,8-Oct-24,Consumer Cyclicals,PT UOB Kay Hian Sekuritas; PT UOB Kay Hian Sekuritas,pengembangan,lainnya,4765525000,0.2354,modal kerja,rupiah,3.46233E+11,34004996598,67096470588,16051361035,8692560683,195,3,4,1,-54,
IRSX,PT Aviana Sinar Abadi Tbk,7-Feb-23,Technology,PT Shinhan Sekuritas Indonesia,pemantauan khusus,start up,5000000000,0.2,modal kerja,rupiah,72059076912,5095672725,8265491517,2621931108,2734532967,101,2,-7,-9,4,-50
GULA,PT Aman Agrindo Tbk,3-Aug-22,Consumer Non-Cyclicals,PT UOB Kay Hian Sekuritas,pengembangan,lainnya,1070362500,0.2,modal belanja,rupiah,1.40692E+11,45365000000,55230000000,5425000000,1740000000,250,2,-9,-16,78,34
HUMI,PT Humpuss Maritim Internasional Tbk,9-Aug-23,Energy,PT Reliance Sekuritas Indonesia Tbk,pengembangan,konglomerat,18046450000,0.15,belanja modal,usd,3.25298E+12,1.1578E+12,3.53334E+11,1.24139E+11,78279128270,100,2,51,89,-43,-28
HATM,PT Habco Trans Maritima Tbk,26-Jul-22,Transportation & Logistic,PT NH Korindo Sekuritas Indonesia,utama,lainnya,7000000000,0.1665,modal belanja,rupiah,4.18484E+11,61033273330,74593925150,25261063483,22345603643,160,2,18,181,81,33
MDIY,PT Daya Intiguna Yasa Tbk,19-Dec-24,Consumer Cyclicals,PT CIMB Niaga Sekuritas; PT Mandiri Sekuritas,utama,lainnya,25190392000,0.1,bayar hutang,rupiah,4.84446E+12,2.71199E+12,3.20576E+12,1.75351E+12,5.34215E+11,1650,2,8,1,,
OLIV,PT Oscar Mitra Sukses Sejahtera Tbk,17-May-22,Consumer Cyclicals,PT Danatama Makmur Sekuritas,akselerasi,lainnya,1900000000,0.211,modal kerja,rupiah,29068489770,12287566871,39387315515,8151207168,525081615,100,1,0,1,-70,-79
LABS,PT UBC Medical Indonesia Tbk,10-Jul-24,Healthcare,PT Lotus Andalan Sekuritas,pengembangan,lainnya,3950000000,0.1772,modal kerja,rupiah,1.60287E+11,1.10927E+11,1.36699E+11,56064247469,2189514903,135,1,33,-7,1,
ARCI,PT Archi Indonesia Tbk,28-Jun-21,Basic Materials,PT BNI Sekuritas; PT Mandiri Sekuritas; PT Citigroup Sekuritas Indonesia; PT Credit Suisse Sekuritas Indonesia; PT UOB Kay Hian Sekuritas,pengembangan,konglomerat,24835000000,0.15,bayar hutang,usd,9.08401E+12,6.85942E+12,4.96033E+12,2.71067E+12,1.48673E+12,750,1,0,-8,-27,-54
BELI,PT Global Digital Niaga Tbk,8-Nov-22,Technology,PT BCA Sekuritas; PT BRI Danareksa Sekuritas; PT DBS Vickers Sekuritas Indonesia; PT Morgan Stanley Sekuritas Indonesia; PT Credit Suisse Sekuritas Indonesia; PT Mandiri Sekuritas; PT BNI Sekuritas; PT Indo Premier Sekuritas; PT KB Valbury Sekuritas; PT Yulie Sekuritas Indonesia Tbk; PT Danasakti Sekuritas Indonesia,ekonomi baru,konglomerat,1.18475E+11,0.15,modal kerja,rupiah,1.68667E+13,8.70196E+12,6.71174E+12,-5.60757E+11,-2.50233E+12,450,0,5,6,1,4
EURO,PT Estee Gold Feet Tbk,8-Aug-22,Consumer Non-Cyclicals,PT Danatama Makmur Sekuritas,pengembangan,lainnya,2500000000,0.2,modal kerja,rupiah,21664481000,6090145000,24878124000,8904939000,3823840000,70,0,0,0,417,217
PGEO,PT Pertamina Geothermal Energy Tbk,24-Feb-23,Infrastructures,PT CLSA Sekuritas Indonesia; PT Credit Suisse Sekuritas Indonesia; PT Mandiri Sekuritas; PT HSBC Sekuritas Indonesia; PT Bahana Sekuritas; PT Danasakti Sekuritas Indonesia; PT Samuel Sekuritas Indonesia,utama,bumn,41396142000,0.25,ekspansi,usd,3.71178E+13,1.71731E+13,4.36387E+12,2.50527E+12,1.69194E+12,875,0,-1,-9,19,40
FUTR,PT Lini Imaji Kreasi Ekosistem Tbk,27-Feb-23,Consumer Cyclicals,PT Indo Capital Sekuritas; PT KGI Sekuritas Indonesia,pengembangan,start up,6390000000,0.2,modal kerja,rupiah,71736198070,11086516002,19792318182,13587339825,8670852326,100,0,42,21,-50,-50
YUPI,PT Yupi Indo Jelly Gum Tbk,25-Mar-25,Consumer Non-Cyclicals,PT CIMB Niaga Sekuritas; PT Mandiri Sekuritas,utama,lainnya,8544488700,0.1,modal belanja,rupiah,2.6874E+12,5.81234E+11,2.4104E+12,8.35136E+11,4.84252E+11,2390,0,-26,-33,,
SUNI,PT Sunindo Pratama Tbk,9-Jan-23,Energy,PT UOB Kay Hian Sekuritas,utama,lainnya,2500000000,0.24,bayar hutang,rupiah,4.65893E+11,1.23726E+11,2.4508E+11,66733837251,66921741830,300,0,1,-1,-7,23
CBPE,PT Citra Buana Prasida Tbk,6-Jan-23,Properties & Real Estate,PT Panin Sekuritas Tbk,pengembangan,lainnya,1356250000,0.2,ekspansi,rupiah,1.99871E+11,68017694848,19262541781,15262609325,85151022591,150,-1,19,-1,-11,-14
MDLA,PT Medela Potentia Tbk,15-Apr-25,Healthcare,PT Mandiri Sekuritas; PT Indo Premier Sekuritas,utama,lainnya,14012825000,0.25,bayar hutang,rupiah,5.69338E+12,3.57691E+12,1.07865E+13,1.01554E+12,2.52749E+11,188,-1,0,,,
DRMA,PT Dharma Polimetal Tbk,20-Dec-21,Consumer Cyclicals,PT CIMB Niaga Sekuritas; PT Sucor Sekuritas; PT MNC Sekuritas,utama,konglomerat,4705882300,0.15,modal belanja,rupiah,1.95988E+12,1.32235E+12,1.30664E+12,2.00498E+11,1.00099E+11,500,-1,5,27,21,20
WMPP,PT Widodo Makmur Perkasa Tbk,6-Dec-21,Consumer Non-Cyclicals,PT CIMB Niaga Sekuritas; PT Mirae Asset Sekuritas Indonesia; PT  Surya Fajar Sekuritas; PT Samuel Sekuritas Indonesia; PT KB Valbury Sekuritas; PT Yulie Sekuritas Indonesia Tbk; PT BRI Danareksa Sekuritas,pemantauan khusus,lainnya,29419000000,0.1502,modal kerja,rupiah,4.17559E+12,2.60976E+12,2.70699E+12,3.85665E+11,1.25702E+11,160,-1,-6,-5,-23,-26
PRAY,PT Famon Awal Bros Sedaya Tbk,8-Nov-22,Healthcare,PT Indo Premier Sekuritas,pengembangan,lainnya,13959422300,0.0217,ekspansi,rupiah,3.72294E+12,1.33754E+12,4.812E+11,1.17014E+11,20276000000,900,-1,-16,-18,-19,-23
GRIA,PT Ingria Pratama Capitalindo Tbk,8-Aug-23,Properties & Real Estate,PT Erdikha Elit Sekuritas,pengembangan,lainnya,7375720674,0.2624,bayar hutang,rupiah,3.95107E+11,3.1264E+11,4330212224,1610733562,130037004,120,-2,-2,-5,0,65
ENAK,PT Champ Resto Indonesia Tbk,8-Feb-22,Consumer Cyclicals,PT UOB Kay Hian Sekuritas,pengembangan,lainnya,2166666800,0.2,bayar hutang,rupiah,6.09399E+11,5.28411E+11,6.72799E+11,4.09361E+11,-53088000000,850,-3,-13,-6,122,44
UNTD,PT Terang Dunia Internusa Tbk,7-Feb-24,Consumer Cyclicals,PT Mirae Asset Sekuritas Indonesia; PT BRI Danareksa Sekuritas,pengembangan,lainnya,6666666700,0.25,modal kerja,rupiah,8.32597E+11,6.17469E+11,4.79772E+11,1.09957E+11,46003958181,240,-3,-27,-28,-50,-63
RMKE,PT RMK Energy Tbk,7-Dec-21,Energy,PT Indo Capital Sekuritas; PT Victoria Sekuritas Indonesia; PT Erdikha Elit Sekuritas; PT Semesta Indovest Sekuritas; PT Phillip Sekuritas Indonesia,utama,lainnya,4375000000,0.2,bayar hutang,rupiah,1.17211E+12,7.04672E+11,4.1369E+11,77198942427,39222616641,206,-3,10,10,218,356
MTEL,PT Dayamitra Telekomunikasi Tbk,22-Nov-21,Infrastructures,PT BRI Danareksa Sekuritas; PT Mandiri Sekuritas; PT Danasakti Sekuritas Indonesia; PT HSBC Sekuritas Indonesia; PT Investindo Nusantara Sekuritas; PT J.P. Morgan Sekuritas Indonesia; PT Morgan Stanley Sekuritas Indonesia; PT Panin Sekuritas Tbk; PT Samuel Sekuritas Indonesia; PT KB Valbury Sekuritas; PT Yulie Sekuritas Indonesia Tbk,pengembangan,bumn,83515452844,0.2763,modal belanja,rupiah,3.22554E+13,1.85715E+13,3.2268E+12,1.5857E+12,7.007E+11,800,-4,-4,-4,-14,-14
AEGS,PT Anugerah Spareparts Sejahtera Tbk,11-Sep-23,Consumer Cyclicals,PT Shinhan Sekuritas Indonesia,akselerasi,lainnya,1006000000,0.3976,modal belanja,rupiah,36126118883,21342126463,3865005006,686498728,163083186,100,-5,-32,-41,-10,-62
SURI,PT Maja Agung Latexindo Tbk,7-Dec-23,Healthcare,PT Shinhan Sekuritas Indonesia,pengembangan,lainnya,6334375000,0.2,modal belanja,rupiah,1.77093E+11,55039966261,9084543299,1558807820,-5917269225,170,-5,-4,-1,-18,-71
VAST,PT Vastland Indonesia Tbk,8-Feb-23,Properties & Real Estate,PT Erdikha Elit Sekuritas,pengembangan,lainnya,3055700000,0.2127,ekspansi,rupiah,2.76667E+11,80310194003,19037954757,18004082197,88812817488,108,-6,0,-8,-36,-41
KRYA,PT Bangun Karya Perkasa Jaya Tbk,25-Jul-22,Infrastructures,PT Indo Capital Sekuritas,pengembangan,lainnya,1625000000,0.2,modal kerja,rupiah,1.33072E+11,80031199636,37567947019,8094704969,3539816911,125,-6,-18,73,196,-35
ADCP,PT Adhi Commuter Properti Tbk,23-Feb-22,Properties & Real Estate,PT CIMB Niaga Sekuritas; PT Mirae Asset Sekuritas Indonesia; PT Maybank Sekuritas Indonesia; PT Sucor Sekuritas; PT Indosurya Bersinar Sekuritas; PT Panin Sekuritas Tbk; PT Yulie Sekuritas Indonesia Tbk,pengembangan,bumn,22222222200,0.1,modal kerja,rupiah,5.50398E+12,3.49299E+12,2.68129E+11,58848208615,42649456178,130,-6,-28,-28,-42,-49
ARKO,PT Arkora Hydro Tbk.,8-Jul-22,Infrastructures,PT Lotus Andalan Sekuritas; PT Mirae Asset Sekuritas Indonesia,pengembangan,lainnya,2928495000,0.2,modal kerja,rupiah,6.89021E+11,5.18719E+11,1.98393E+11,1.09761E+11,49511454000,300,-7,5,98,88,113
GTSI,PT GTS Internasional Tbk,8-Sep-21,Energy,PT Reliance Sekuritas Indonesia Tbk,pemantauan khusus,lainnya,15819142767,0.1517,modal belanja,usd,1.4182E+12,5.65675E+11,1.136E+11,5738505876,-9452028300,100,-7,-22,-26,-43,-36
TAYS,PT Jaya Swarasa Agung Tbk,6-Dec-21,Consumer Non-Cyclicals,PT NH Korindo Sekuritas Indonesia; PT KGI Sekuritas Indonesia,pengembangan,lainnya,1098920000,0.2187,modal belanja,rupiah,2.67651E+11,2.16647E+11,1.4711E+11,34097099675,2667603151,360,-7,-24,-44,-45,94
AVIA,PT Avia Avian Tbk,8-Dec-21,Basic Materials,PT Mandiri Sekuritas; PT Morgan Stanley Sekuritas Indonesia; PT UBS Sekuritas Indonesia; PT Credit Suisse Sekuritas Indonesia; PT Danasakti Sekuritas Indonesia; PT Trimegah Sekuritas Indonesia Tbk,utama,lainnya,61953555600,0.1001,modal kerja,rupiah,6.14023E+12,2.90325E+12,2.70209E+12,1.18964E+12,6.0346E+11,930,-7,-5,-2,-16,-22
ELIT,PT Data Sinergitama Jaya Tbk,6-Jan-23,Technology,PT NH Korindo Sekuritas Indonesia,pengembangan,start up,2031456532,0.2461,modal belanja,rupiah,97684321709,44857213259,1.36513E+11,37212135288,7561016833,120,-7,41,13,10,-24
OBMD,PT OBM Drilchem Tbk,8-Dec-21,Basic Materials,PT KGI Sekuritas Indonesia,pengembangan,lainnya,732000000,0.2486,modal kerja,rupiah,70367134356,0,46878911585,42922454121,2629436113,180,-7,-22,-31,-24,11
NINE,PT Techno9 Indonesia Tbk,5-Dec-22,Technology,PT Victoria Sekuritas Indonesia; PT Elit Sukses Sekuritas,akselerasi,start up,2157000000,0.2003,modal kerja,rupiah,23161016471,6706528196,12635154569,3943098463,-1333301977,75,-8,-37,-39,-59,-87
ISAP,PT Isra Presisi Indonesia Tbk,9-Dec-22,Consumer Cyclicals,PT UOB Kay Hian Sekuritas,akselerasi,lainnya,4020000000,0.3731,modal kerja,rupiah,42481000000,15136000000,9685000000,3388000000,-17490000000,96,-9,-26,17,-69,-89
HBAT,PT Minahasa Membangun Hebat Tbk,7-Aug-23,Properties & Real Estate,PT Lotus Andalan Sekuritas,akselerasi,lainnya,1040740800,0.2313,ekspansi,rupiah,41272733000,2665379000,11981896000,6734070000,2368575000,108,-9,-38,-49,-64,-76
MENN,PT Menn Teknologi Indonesia Tbk,18-Apr-23,Technology,PT Indo Capital Sekuritas; PT KGI Sekuritas Indonesia,akselerasi,start up,1434000000,0.3,modal belanja,rupiah,12492147084,984795198,4363045063,2680858045,74368998960,78,-9,-31,-45,42,-87
KAQI,PT Jantra Grupo Indonesia Tbk,10-Mar-25,Consumer Cyclicals,PT RHB Sekuritas Indonesia,pengembangan,start up,2075800000,0.2168,ekspansi,rupiah,74129409370,14970480161,39106954374,30238007668,7341462023,118,-10,-47,-58,,
MSIE,PT Multisarana Intan Eduka Tbk,10-Aug-23,Properties & Real Estate,PT MNC Sekuritas; PT KB Valbury Sekuritas,akselerasi,lainnya,1460000000,0.2466,ekspansi,rupiah,92555450249,11317531490,1571354165,1334867055,940684133,100,-10,-40,-58,-76,-85
LOPI,PT Logisticsplus International Tbk,11-Oct-23,Transportation & Logistic,PT Elit Sukses Sekuritas,akselerasi,lainnya,1100000000,0.2727,modal kerja,rupiah,36753905768,10881827503,13168664110,3052945579,490742929,100,-10,-14,-30,-47,-76
SOUL,PT Mitra Tirta Buwana Tbk,6-Jan-23,Consumer Non-Cyclicals,PT Shinhan Sekuritas Indonesia; PT Wanteg Sekuritas,akselerasi,lainnya,1082500000,0.2494,modal kerja,rupiah,18746882985,2007337392,2588362641,1536026818,242945846,110,-10,-36,-59,-78,-80
BMBL,PT Lavender Bina Cendikia Tbk,11-Jan-23,Consumer Cyclicals,PT Mirae Asset Sekuritas Indonesia; PT KGI Sekuritas Indonesia,akselerasi,lainnya,1030000000,0.2719,bayar hutang,rupiah,33861830523,3201782057,9987416059,7964983230,4144689739,188,-10,-40,-65,-70,-88
KLIN,PT Klinko Karya Imaji Tbk,9-Aug-22,Consumer Cyclicals,PT Elit Sukses Sekuritas,akselerasi,lainnya,1307500000,0.1759,ekspansi,rupiah,27123688735,12428756058,1308992531,388901911,61964873,100,-10,-26,-44,-69,-54
NAYZ,PT Hassana Boga Sejahtera Tbk,6-Feb-23,Consumer Non-Cyclicals,PT Surya Fajar Sekuritas,akselerasi,lainnya,2550000000,0.2,modal belanja,rupiah,28692436237,5699543782,26794354331,12945741415,614697899,100,-10,-28,-3,-74,-83
KING,PT Hoffmen Cleanindo Tbk,16-Feb-23,Industrials,PT NH Korindo Sekuritas Indonesia,akselerasi,lainnya,2600000000,0.2,modal kerja,rupiah,72807293954,45236731195,1.04306E+11,14833436340,-689375684,130,-10,-12,32,4,35
MANG,PT Manggung Polahraya Tbk,11-Jan-24,Infrastructures,PT Panca Global Sekuritas,akselerasi,lainnya,3812500000,0.2,modal kerja,rupiah,1.14977E+11,44486491697,34880657674,6952458909,402720082,100,-10,-28,7,30,-3
RCCC,PT Utama Radar Cahaya Tbk,2-Aug-22,Transportation & Logistic,PT Elit Sukses Sekuritas,akselerasi,lainnya,750000000,0.2,modal belanja,rupiah,21840134064,4427662163,3738111018,1119103623,494573169,135,-10,6,-15,-1,13
SMKM,PT Sumber Mas Konstruksi Tbk,9-Mar-22,Infrastructures,PT Erdikha Elit Sekuritas,akselerasi,lainnya,1253000000,0.1995,modal kerja,rupiah,1.32242E+11,7047570299,1.26612E+11,19963020305,12289306791,264,-10,-33,-2,-7,213
PACK,PT Solusi Kemasan Digital Tbk,8-Feb-23,Basic Materials,PT NH Korindo Sekuritas Indonesia,akselerasi,start up,1537546000,0.2003,modal kerja,rupiah,41344745444,37129430154,26216568117,6027099394,-705950071,162,-10,-37,-33,4,-75
GRPM,PT Graha Prima Mentari Tbk,10-Jul-23,Consumer Non-Cyclicals,PT NH Korindo Sekuritas Indonesia,akselerasi,lainnya,1545000000,0.2,modal kerja,rupiah,50208565995,19273734762,3.25985E+11,23217888781,2264537620,120,-10,-30,-38,-60,-63
ASLI,PT Asri Karya Lestari Tbk,5-Jan-24,Infrastructures,PT NH Korindo Sekuritas Indonesia,pengembangan,lainnya,6250000000,0.2,modal belanja,rupiah,3.82752E+11,37090185004,82616225184,26614602130,10746700141,100,-11,-39,-49,-50,-50
PPRI,PT Paperocks Indonesia Tbk,8-Aug-23,Basic Materials,PT Indo Capital Sekuritas,pengembangan,lainnya,1075000000,0.2558,modal belanja,rupiah,73917112171,18482280950,44960222680,6873769093,2952763855,140,-15,-45,-41,-43,-14
MAXI,PT Maxindo Karya Anugerah Tbk,12-Jun-23,Consumer Non-Cyclicals,PT Shinhan Sekuritas Indonesia,pengembangan,lainnya,9610000000,0.1041,modal kerja,rupiah,1.54769E+11,48720516888,19098065425,5083068271,-1920310583,100,-15,-42,-39,-50,-51
BAIK,PT Bersama Mencapai Puncak Tbk,15-Feb-24,Consumer Cyclicals,PT MNC Sekuritas; PT KGI Sekuritas Indonesia,pengembangan,lainnya,1125000000,0.2,modal kerja,rupiah,77719719033,14973043982,96844728135,26346224638,8905663404,278,-24,-56,-65,-77,-78
KOCI,PT Kokoh Exa Nusantara Tbk,6-Oct-23,Properties & Real Estate,PT Panca Global Sekuritas,pengembangan,konglomerat,4415590000,0.1019,ekspansi,rupiah,77795553564,25428861660,18291976417,7245560598,4276600935,120,-30,-43,-58,-52,-57
PTPS,PT Pulau Subur Tbk,9-Oct-23,Consumer Cyclicals,PT NH Korindo Sekuritas Indonesia,pengembangan,lainnya,2167500000,0.2076,ekspansi,rupiah,76025046765,22019369145,13846817245,4922180163,5992302249,198,-35,-47,-30,-10,-59
