Ticker,Nama Perusahaan,Tanggal Listing,Sektor,Underwriter,Papan Pencatatan,Ownership,Listed Share,Persen Saham Ditawarkan,Rencana Penggunaan Dana IPO,Valuation Currency,Total Aset,Total Liabilitas,Pendapatan,Laba Kotor,Laba Operasional/ Laba Usaha,Laba Berjalan (Bukan Komperhensif),Harga Final,1D %,1W %,1M %,6M %,1Y %
UNIQ,PT Ulima Nitra Tbk,8 Mar 2021,Energy,PT Surya Fajar Sekuritas,utama,lainnya,3138983000,"0,0956",modal kerja,rupiah,539673000000,267416000000,270926000000,24547000000,4980000000,-5617000000,118,35%,35%,5%,-25%,-30%
ARCI,PT Archi Indonesia Tbk,28 Jun 2021,Basic Materials,PT BNI Sekuritas; PT Mandiri Sekuritas; PT Citigroup Sekuritas Indonesia; PT Credit Suisse Sekuritas Indonesia; PT UOB Kay Hian Sekuritas,pengembangan,konglomerat,24835000000,"0,15",bayar hutang,usd,9084012672200,6859419051410,4960331667490,2710667727860,2639655773520,1486733600600,750,1%,0%,-8%,-27%,-54%
MASB,PT Bank Multiarta Sentosa Tbk,30 Jun 2021,Financials,PT BCA Sekuritas,pemantauan khusus,lainnya,1226902970,"0,15",modal kerja,rupiah,21537936008109,19648095743949,1212226156911,431356811665,168895687141,108191656140,3360,25%,3%,0%,5%,4%
BMHS,PT Bundamedik Tbk,6 Jul 2021,Healthcare,PT Ciptadana Sekuritas Asia,utama,konglomerat,8603416176,"0,0726",bayar hutang,rupiah,2162536834465,1112837448853,1148144381712,,,118460085776,340,25%,201%,203%,131%,74%
UVCR,PT Trimegah Karya Pratama Tbk,27 Jul 2021,Technology,PT Surya Fajar Sekuritas; PT Mirae Asset Sekuritas Indonesia; PT NH Korindo Sekuritas Indonesia,pengembangan,lainnya,2000000000,"0,25",modal belanja,rupiah,45197327857,14358796166,194486719895,4634336907,,543491609,100,10%,60%,374%,228%,43%
HAIS,PT Hasnur Internasional Shipping Tbk,1 Sep 2021,Transportation & Logistic,PT RHB Sekuritas Indonesia,pengembangan,konglomerat,2626250000,"0,2",modal belanja,rupiah,384296394278,131999074092,77773818670,15445429268,8613025964,7882013440,300,25%,-3%,-12%,-19%,-19%
OILS,PT Indo Oil Perkasa Tbk,6 Sep 2021,Consumer Non-Cyclicals,PT Korea Investment And Sekuritas Indonesia,pengembangan,lainnya,454000000,"0,3304",modal kerja,rupiah,73083000000,38593000000,119915000000,8900000000,,2415000000,270,24%,126%,22%,-7%,-18%
GPSO,PT Geoprima Solusi Tbk,6 Sep 2021,Industrials,PT Surya Fajar Sekuritas; PT NH Korindo Sekuritas Indonesia ,pengembangan,lainnya,666666600,"0,25",modal kerja,rupiah,65683598000,20693579000,1949418000,1101686,-141409000,-242723000,180,34%,4%,-3%,-41%,-32%
MCOL,PT Prima Andalan Mandiri Tbk,7 Sep 2021,Energy,PT Buana Capital Sekuritas,utama,lainnya,3555560000,"0,1",modal belanja,usd,4902743305900,2421583089788,1161281224542,498701086150,388771695060,300482939900,1420,10%,15%,23%,155%,393%
RUNS,PT Global Sukses Solusi Tbk,8 Sep 2021,Technology,PT BRI Danareksa Sekuritas; PT Mirae Asset Sekuritas Indonesia,akselerasi,start up,983557875,"0,2001",modal kerja,rupiah,35362158125,2927065535,176194433,170825588,,-2560268340,254,9%,58%,84%,-36%,-31%
CMNT,PT Cemindo Gemilang Tbk,8 Sep 2021,Basic Materials,PT Ciptadana Sekuritas Asia; PT UBS Sekuritas Indonesia; PT Mandiri Sekuritas,pengembangan,konglomerat,17125504000,"0,1004",modal kerja,rupiah,17645282000000,14297091000000,6433419000000,,,-839791000000,680,25%,20%,39%,55%,49%
RSGK,PT Kedoya Adyaraya Tbk,8 Sep 2021,Healthcare,PT Buana Capital Sekuritas,pengembangan,lainnya,929675000,"0,2",bayar hutang,rupiah,723809078658,211437756035,183713338672,80875105704,54778846736,37483477810,1720,25%,14%,-2%,-16%,-25%
SBMA,PT Surya Biru Murni Acetylene Tbk,8 Sep 2021,Basic Materials,PT KGI Sekuritas Indonesia,pengembangan,lainnya,928400000,"0,2999",modal belanja,rupiah,199117196120,48863814619,32191782983,14916939307,2789928628,272938091,180,34%,178%,143%,62%,24%
GTSI,PT GTS Internasional Tbk,8 Sep 2021,Energy,PT Reliance Sekuritas Indonesia Tbk,pemantauan khusus,lainnya,15819142767,"0,1517",modal belanja,usd,1418203167756,565675121038,113600457054,5738505876,-6025103654,-9452028300,100,-7%,-22%,-26%,-43%,-36%
IDEA,PT Idea Indonesia Akademi Tbk,9 Sep 2021,Consumer Cyclicals,PT Indo Capital Sekuritas; PT Phillip Sekuritas Indonesia,akselerasi,lainnya,1062437500,"0,2",modal kerja,rupiah,59323669225,22339743189,8407913402,7238586138,4140421283,2645858968,140,10%,-11%,41%,-50%,-56%
KUAS,PT Ace Oldfields Tbk,25 Oct 2021,Industrials,PT NH Korindo Sekuritas Indonesia,pengembangan,lainnya,1292570540,"0,3017",modal belanja,rupiah,210769773947,151524250089,42163719743,8894908682,,1527911869,195,34%,12%,22%,-62%,-65%
BOBA,PT Formosa Ingredient Factory Tbk,1 Nov 2021,Consumer Non-Cyclicals,PT Victoria Sekuritas Indonesia,pengembangan,lainnya,1155750000,"0,1211",modal kerja,rupiah,104186987597,9556843878,46703489538,20347658548,14472728396,11311059397,280,25%,10%,-11%,-30%,-31%
MTEL,PT Dayamitra Telekomunikasi Tbk,22 Nov 2021,Infrastructures,PT BRI Danareksa Sekuritas; PT Mandiri Sekuritas; PT Danasakti Sekuritas Indonesia; PT HSBC Sekuritas Indonesia; PT Investindo Nusantara Sekuritas; PT J.P. Morgan Sekuritas Indonesia; PT Morgan Stanley Sekuritas Indonesia; PT Panin Sekuritas Tbk; PT Samuel Sekuritas Indonesia; PT KB Valbury Sekuritas; PT Yulie Sekuritas Indonesia Tbk,pengembangan,bumn,83515452844,"0,2763",modal belanja,rupiah,32255400000000,18571500000000,3226800000000,1585700000000,1352300000000,700700000000,800,-4%,-4%,-4%,-14%,-14%
BINO,PT Perma Plasindo Tbk,25 Nov 2021,Industrials,PT Semesta Indovest Sekuritas; PT Phillip Sekuritas Indonesia; PT Indo Capital Sekuritas,pengembangan,lainnya,2175000000,"0,2",bayar hutang,rupiah,418424285876,139634220246,141433742854,43816053442,2665343035,1469730259,138,21%,1%,3%,-4%,-5%
DEPO,PT Caturkarda Depo Bangunan Tbk,25 Nov 2021,Consumer Cyclicals,PT Mirae Asset Sekuritas Indonesia,pengembangan,lainnya,6790000000,"0,1508",modal belanja,rupiah,1211745239327,584663300259,1167419270902,208086066537,,47142228011,482,24%,27%,1%,3%,-2%
WGSH,PT Wira Global Solusi Tbk.,6 Dec 2021,Technology,PT Shinhan Sekuritas Indonesia,akselerasi,start up,1042500000,"0,2",modal kerja,rupiah,23750439867,2323307736,10558176845,5794358207,3588765457,1832046461,140,10%,59%,15%,47%,9%
CMRY,PT Cisarua Mountain Dairy Tbk,6 Dec 2021,Consumer Non-Cyclicals,PT CLSA Sekuritas Indonesia; PT Mandiri Sekuritas; PT Panin Sekuritas Tbk,utama,lainnya,7934683000,"0,15",modal belanja,rupiah,1394929000000,692990000000,1581750000000,757422000000,465338000000,364502000000,3080,11%,12%,8%,27%,44%
WMPP,PT Widodo Makmur Perkasa Tbk,6 Dec 2021,Consumer Non-Cyclicals,PT CIMB Niaga Sekuritas; PT Mirae Asset Sekuritas Indonesia; PT  Surya Fajar Sekuritas; PT Samuel Sekuritas Indonesia; PT KB Valbury Sekuritas; PT Yulie Sekuritas Indonesia Tbk; PT BRI Danareksa Sekuritas,pemantauan khusus,lainnya,29419000000,"0,1502",modal kerja,rupiah,4175591000000,2609760000000,2706990000000,385665000000,,125702000000,160,-1%,-6%,-5%,-23%,-26%
TAYS,PT Jaya Swarasa Agung Tbk,6 Dec 2021,Consumer Non-Cyclicals,PT NH Korindo Sekuritas Indonesia; PT KGI Sekuritas Indonesia,pengembangan,lainnya,1098920000,"0,2187",modal belanja,rupiah,267651165177,216646565010,147110320242,34097099675,9394164971,2667603151,360,-7%,-24%,-44%,-45%,94%
RMKE,PT RMK Energy Tbk,7 Dec 2021,Energy,PT Indo Capital Sekuritas; PT Victoria Sekuritas Indonesia; PT Erdikha Elit Sekuritas; PT Semesta Indovest Sekuritas; PT Phillip Sekuritas Indonesia,utama,lainnya,4375000000,"0,2",bayar hutang,rupiah,1172107535512,704671625150,413690084495,77198942427,64496533063,39222616641,206,-3%,10%,10%,218%,356%
OBMD,PT OBM Drilchem Tbk,8 Dec 2021,Basic Materials,PT KGI Sekuritas Indonesia,pengembangan,lainnya,732000000,"0,2486",modal kerja,rupiah,70367134356,0,46878911585,42922454121,4986559019,2629436113,180,-7%,-22%,-31%,-24%,11%
AVIA,PT Avia Avian Tbk,8 Dec 2021,Basic Materials,PT Mandiri Sekuritas; PT Morgan Stanley Sekuritas Indonesia; PT UBS Sekuritas Indonesia; PT Credit Suisse Sekuritas Indonesia; PT Danasakti Sekuritas Indonesia; PT Trimegah Sekuritas Indonesia Tbk,utama,lainnya,61953555600,"0,1001",modal kerja,rupiah,6140225000000,2903252000000,2702089000000,1189636000000,751849000000,603460000000,930,-7%,-5%,-2%,-16%,-22%
IPPE,PT Indo Pureco Pratama Tbk,9 Dec 2021,Consumer Non-Cyclicals,PT KGI Sekuritas Indonesia; PT Mirae Asset Sekuritas Indonesia,pemantauan khusus,lainnya,4600000000,"0,2174",modal belanja,rupiah,187927112000,4512576000,17770838000,4520546000,,1868854000,100,35%,114%,98%,140%,65%
NASI,PT Wahana Inti Makmur Tbk,13 Dec 2021,Consumer Non-Cyclicals,PT UOB Kay Hian Sekuritas,pengembangan,lainnya,807400000,"0,2477",modal kerja,rupiah,44016000000,12879000000,22578000000,4933000000,,363000000,155,34%,39%,154%,127%,-39%
BSML,PT Bintang Samudera Mandiri Lines Tbk,16 Dec 2021,Energy,PT Danatama Makmur Sekuritas,pengembangan,lainnya,1850225000,"0,2",modal kerja,rupiah,212952722027,158237466609,29289955455,8089193133,6647341976,3531401645,117,34%,12%,247%,695%,266%
DRMA,PT Dharma Polimetal Tbk,20 Dec 2021,Consumer Cyclicals,PT CIMB Niaga Sekuritas; PT Sucor Sekuritas; PT MNC Sekuritas,utama,konglomerat,4705882300,"0,15",modal belanja,rupiah,1959883273545,1322354230735,1306641259556,200498064576,155186829326,100099350834,500,-1%,5%,27%,21%,20%
ADMR,PT Adaro Minerals Indonesia Tbk,3 Jan 2022,Energy,PT Ciptadana Sekuritas Asia,utama,konglomerat,40882331500,"0,15",modal belanja,usd,11577042743825,10877013888100,2949554645075,1152638315275,,642232378475,100,35%,280%,1085%,1525%,1580%
SEMA,PT Semacom Integrated Tbk,10 Jan 2022,Energy,PT NH Korindo Sekuritas Indonesia,pengembangan,lainnya,1347000000,"0,2576",modal kerja,rupiah,146957784238,84122225649,60908982311,19362247071,,4959696897,180,34%,34%,53%,12%,-18%
ASLC,PT Autopedia Sukses Lestari Tbk,25 Jan 2022,Consumer Cyclicals,PT Ciptadana Sekuritas Asia; PT Trimegah Sekuritas Indonesia Tbk,pengembangan,konglomerat,12746354780,"0,2",modal kerja,rupiah,430825993000,162367765000,135281481000,114187859000,,23065650000,256,25%,13%,2%,-30%,-64%
NETV,PT Net Visi Media Tbk,26 Jan 2022,Consumer Cyclicals,PT NH Korindo Sekuritas Indonesia,pengembangan,konglomerat,23453177240,"0,0437",bayar hutang,rupiah,1716376000000,1692634000000,282937000000,95764000000,,-121081000000,196,35%,227%,160%,42%,1%
BAUT,PT Mitra Angkasa Sejahtera Tbk,28 Jan 2022,Consumer Cyclicals,PT UOB Kay Hian Sekuritas,pemantauan khusus,lainnya,4800000000,"0,3021",modal kerja,rupiah,85091000000,38393000000,66796000000,12857000000,6537000000,5339000000,100,35%,114%,44%,-50%,-50%
ENAK,PT Champ Resto Indonesia Tbk,8 Feb 2022,Consumer Cyclicals,PT UOB Kay Hian Sekuritas,pengembangan,lainnya,2166666800,"0,2",bayar hutang,rupiah,609399000000,528411000000,672799000000,409361000000,-26526000000,-53088000000,850,-3%,-13%,-6%,122%,44%
NTBK,PT Nusatama Berkah Tbk,9 Feb 2022,Industrials,PT Danatama Makmur Sekuritas; PT Surya Fajar Sekuritas,pengembangan,lainnya,2700000000,"0,2593",modal kerja,rupiah,61246718968,37677608536,39326661671,5743735643,1617521770,443255179,100,35%,3%,-33%,-50%,-50%
ADCP,PT Adhi Commuter Properti Tbk,23 Feb 2022,Properties & Real Estate,PT CIMB Niaga Sekuritas; PT Mirae Asset Sekuritas Indonesia; PT Maybank Sekuritas Indonesia; PT Sucor Sekuritas; PT Indosurya Bersinar Sekuritas; PT Panin Sekuritas Tbk; PT Yulie Sekuritas Indonesia Tbk,pengembangan,bumn,22222222200,"0,1",modal kerja,rupiah,5503977130274,3492992065434,268129379428,58848208615,,42649456178,130,-6%,-28%,-28%,-42%,-49%
SMKM,PT Sumber Mas Konstruksi Tbk,9 Mar 2022,Infrastructures,PT Erdikha Elit Sekuritas,akselerasi,lainnya,1253000000,"0,1995",modal kerja,rupiah,132241511058,7047570299,126611879577,19963020305,14360732509,12289306791,264,-10%,-33%,-2%,-7%,213%
NANO,PT Nanotech Indonesia Global Tbk,10 Mar 2022,Consumer Non-Cyclicals,PT UOB Kay Hian Sekuritas,akselerasi,start up,4285000000,"0,2999",modal belanja,rupiah,42464000000,3439000000,18213000000,7561000000,2761000000,2435000000,100,10%,60%,-11%,-49%,-74%
STAA,PT Sumber Tani Agung Resources Tbk,10 Mar 2022,Consumer Non-Cyclicals,PT CIMB Niaga Sekuritas; PT DBS Vickers Sekuritas Indonesia,utama,lainnya,10903372600,"0,0806",modal belanja,rupiah,5689045000000,2779746000000,4179739000000,1639960000000,1152753000000,804524000000,600,25%,36%,52%,93%,67%
BIKE,PT Sepeda Bersama Indonesia Tbk,21 Mar 2022,Consumer Cyclicals,PT Trimegah Sekuritas Indonesia Tbk; PT Mirae Asset Sekuritas Indonesia; PT NH Korindo Sekuritas Indonesia,pengembangan,lainnya,1293334000,"0,25",modal kerja,rupiah,124779452000,75005840000,122939629000,32574485000,29387548000,20266419,170,34%,38%,1%,41%,22%
WIRG,PT WIR ASIA Tbk,4 Apr 2022,Technology,PT Ciptadana Sekuritas Asia,pengembangan,start up,11919159000,"0,2",modal belanja,rupiah,302486839783,159180815809,554516884766,,,17298330302,168,35%,227%,555%,152%,-11%
SICO,PT Sigma Energy Compressindo Tbk,8 Apr 2022,Energy,PT NH Korindo Sekuritas Indonesia,pengembangan,lainnya,910000000,"0,2967",ekspansi,rupiah,70744423891000,29927805970,55027724413,24321508093,10764685204,6841129544,230,10%,-16%,-32%,-21%,-40%
GOTO,PT GoTo Gojek Tokopedia Tbk,11 Apr 2022,Technology,PT Indo Premier Sekuritas; PT Mandiri Sekuritas; PT Trimegah Sekuritas Indonesia Tbk; PT Nilai Inti Sekuritas; PT CIMB Niaga Sekuritas; PT Credit Suisse Sekuritas Indonesia; PT CLSA Sekuritas Indonesia; PT Deutsche Sekuritas Indonesia; PT Aldiracita Sekuritas Indonesia; PT BNI Sekuritas; PT Panin Sekuritas Tbk; PT Sucor Sekuritas; PT KB Valbury Sekuritas,ekonomi baru,start up,1184363929502,"0,0343",modal kerja,rupiah,148212737000000,17689821000000,,6898495000000,,-8169471000000,338,13%,12%,-30%,-28%,-72%
TLDN,PT Teladan Prima Agro Tbk,12 Apr 2022,Consumer Non-Cyclicals,PT BNI Sekuritas; PT CIMB Niaga Sekuritas,pengembangan,lainnya,12946530200,"0,04",bayar hutang,rupiah,4848343600000,3762116686000,2042137266000,762960078000,572916773000,268775711000,580,6%,1%,17%,0%,-14%
MTMH,PT Murni Sadar Tbk,20 Apr 2022,Healthcare,PT BCA Sekuritas; PT Ciptadana Sekuritas Asia,utama,lainnya,2068526950,"0,1228",modal kerja,rupiah,1387771708100,636357455384,848370392530,395322611260,,122196565386,1280,25%,21%,27%,51%,18%
WINR,PT Winner Nusantara Jaya Tbk,25 Apr 2022,Properties & Real Estate,PT Aartha Sekuritas Indonesia; PT Mirae Asset Sekuritas Indonesia; PT Panca Global Sekuritas; PT Yuanta Sekuritas Indonesia,pemantauan khusus,lainnya,5235200000,"0,2865",modal belanja,rupiah,253379000000,78742000000,20218000000,9498000000,5265000000,106635000000,100,35%,112%,76%,-50%,-50%
IBOS,PT Indo Boga Sukses Tbk,25 Apr 2022,Consumer Non-Cyclicals,PT NH Korindo Sekuritas Indonesia; PT Surya Fajar Sekuritas,akselerasi,lainnya,8036800000,"0,2",modal kerja,rupiah,209619788219,37999197769,67342297564,30034009045,,8670385398,100,10%,18%,21%,-8%,152%
OLIV,PT Oscar Mitra Sukses Sejahtera Tbk,17 May 2022,Consumer Cyclicals,PT Danatama Makmur Sekuritas,akselerasi,lainnya,1900000000,"0,211",modal kerja,rupiah,29068489770,12287566871,39387315515,8151207168,1026371426,525081615,100,1%,0%,1%,-70%,-79%
ASHA,PT Cilacap Samudera Fishing Industry Tbk,27 May 2022,Consumer Non-Cyclicals,PT KGI Sekuritas Indonesia; PT Korea Investment And Sekuritas Indonesia,pemantauan khusus,lainnya,5000000000,"0,25",modal kerja,rupiah,111776681567,33122743723,168406160863,21196194407,1244714516,894947985,100,35%,280%,86%,35%,-4%
SWID,PT Saraswanti Indoland Development Tbk,7 Jul 2022,Properties & Real Estate,PT Shinhan Sekuritas Indonesia,pengembangan,konglomerat,5385000000,"0,0631",modal kerja,rupiah,266575203347,143767141358,127278539926,64695066120,33367159881,20437980109,200,8%,-19%,-28%,-50%,-60%
TRGU,PT Cerestar Indonesia Tbk,8 Jul 2022,Consumer Non-Cyclicals,PT Semesta Indovest Sekuritas,utama,lainnya,7945412700,"0,1887",modal belanja,rupiah,1981063656588,1310302680834,3420557279845,270312076702,,26802289013,210,25%,124%,62%,5%,2%
CHEM,PT Chemstar Indonesia Tbk,8 Jul 2022,Basic Materials,PT NH Korindo Sekuritas Indonesia,pengembangan,lainnya,1700000000,"0,2941",modal kerja,rupiah,90598393183,48497676787,89623687082,35214484287,,12900178620,150,3%,-17%,-18%,-6%,-29%
ARKO,PT Arkora Hydro Tbk.,8 Jul 2022,Infrastructures,PT Lotus Andalan Sekuritas; PT Mirae Asset Sekuritas Indonesia,pengembangan,lainnya,2928495000,"0,2",modal kerja,rupiah,689020985000,518718941000,198393420000,109760980000,,49511454000,300,-7%,5%,98%,88%,113%
DEWI,PT Dewi Shri Farmindo Tbk,18 Jul 2022,Consumer Non-Cyclicals,PT KGI Sekuritas Indonesia; PT Binaartha Sekuritas,pengembangan,lainnya,2000000000,"0,35",ekspansi,rupiah,85111029983,12782310197,23399285941,2923806089,1656001510,1415737946,100,35%,48%,78%,124%,-32%
AXIO,PT Tera Data Indonusa Tbk,20 Jul 2022,Technology,PT BNI Sekuritas; PT CIMB Niaga Sekuritas,pengembangan,lainnya,5840126500,"0,1781",modal kerja,rupiah,712498000000,442568000000,132847000000,22730000000,6881000000,2912000000,140,35%,54%,103%,43%,-4%
KRYA,PT Bangun Karya Perkasa Jaya Tbk,25 Jul 2022,Infrastructures,PT Indo Capital Sekuritas,pengembangan,lainnya,1625000000,"0,2",modal kerja,rupiah,133071996978,80031199636,37567947019,8094704969,4977888678,3539816911,125,-6%,-18%,73%,196%,-35%
HATM,PT Habco Trans Maritima Tbk,26 Jul 2022,Transportation & Logistic,PT NH Korindo Sekuritas Indonesia,utama,lainnya,7000000000,"0,1665",modal belanja,rupiah,418483749884,61033273330,74593925150,25261063483,22426517475,22345603643,160,2%,18%,181%,81%,33%
RCCC,PT Utama Radar Cahaya Tbk,2 Aug 2022,Transportation & Logistic,PT Elit Sukses Sekuritas,akselerasi,lainnya,750000000,"0,2",modal belanja,rupiah,21840134064,4427662163,3738111018,1119103623,,494573169,135,-10%,6%,-15%,-1%,13%
GULA,PT Aman Agrindo Tbk,3 Aug 2022,Consumer Non-Cyclicals,PT UOB Kay Hian Sekuritas,pengembangan,lainnya,1070362500,"0,2",modal belanja,rupiah,140692000000,45365000000,55230000000,5425000000,,1740000000,250,2%,-9%,-16%,78%,34%
AMMS,PT Agung Menjangan Mas Tbk,4 Aug 2022,Consumer Non-Cyclicals,PT Indo Capital Sekuritas,akselerasi,lainnya,1200000000,"0,2",modal kerja,rupiah,48423025720,1988807959,1920384057,1150493600,295661077,-301351432,100,5%,8%,35%,-59%,-63%
JARR,PT Jhonlin Agro Raya Tbk,4 Aug 2022,Consumer Non-Cyclicals,PT Investindo Nusantara Sekuritas; PT Panca Global Sekuritas; PT Binaartha Sekuritas; PT Lotus Andalan Sekuritas,utama,konglomerat,8000000000,"0,1529",modal kerja,rupiah,33321031000000,2486610000000,1303061000000,128950000000,-111223000000,-80270000000,300,25%,68%,46%,-8%,-39%
RAFI,PT Sari Kreasi Boga Tbk,5 Aug 2022,Consumer Cyclicals,PT Investindo Nusantara Sekuritas; PT KB Valbury Sekuritas,pemantauan khusus,lainnya,3020290000,"0,3031",modal kerja,rupiah,80965554693,28142205850,32454034913,9655464978,6461406781,5129672532,126,35%,39%,84%,-8%,-49%
ELPI,PT Pelayaran Nasional Ekalya Purnamasari Tbk,8 Aug 2022,Transportation & Logistic,PT Trimegah Sekuritas Indonesia Tbk,utama,lainnya,7412000000,"0,15",modal belanja,rupiah,1644418000000,279414000000,126398000000,36363000000,,26130000000,200,35%,37%,14%,3%,16%
KKES,PT Kusuma Kemindo Sentosa Tbk,8 Aug 2022,Basic Materials,PT Mirae Asset Sekuritas Indonesia,pemantauan khusus,lainnya,1500000000,"0,2",modal kerja,rupiah,119211550660,83976875365,62369570267,13093364439,,-3869952332,105,21%,13%,62%,-10%,-49%
EURO,PT Estee Gold Feet Tbk,8 Aug 2022,Consumer Non-Cyclicals,PT Danatama Makmur Sekuritas,pengembangan,lainnya,2500000000,"0,2",modal kerja,rupiah,21664481000,6090145000,24878124000,8904939000,4240241000,3823840000,70,0%,0%,0%,417%,217%
MORA,PT Mora Telematika Indonesia Tbk,8 Aug 2022,Infrastructures,PT BNI Sekuritas; PT Sucor Sekuritas,pengembangan,lainnya,23646668691,"0,1068",ekspansi,rupiah,14414890494965,9670574478945,1026069255358,661272474583,421749269069,183619439119,396,25%,46%,48%,10%,18%
TOOL,PT Rohartindo Nusantara Luas Tbk,9 Aug 2022,Consumer Cyclicals,PT Mirae Asset Sekuritas Indonesia,pengembangan,lainnya,2050000000,"0,2",modal belanja,rupiah,134793372381,32596983842,20698125655,8364811411,4063068603,3463976118,127,35%,9%,-14%,-41%,-54%
KLIN,PT Klinko Karya Imaji Tbk,9 Aug 2022,Consumer Cyclicals,PT Elit Sukses Sekuritas,akselerasi,lainnya,1307500000,"0,1759",ekspansi,rupiah,27123688735,12428756058,1308992531,388901911,69231807,61964873,100,-10%,-26%,-44%,-69%,-54%
BUAH,PT Segar Kumala Indonesia Tbk,9 Aug 2022,Consumer Non-Cyclicals,PT Reliance Sekuritas Indonesia Tbk,pengembangan,lainnya,1000000000,"0,2",modal kerja,rupiah,275985700606,209414674561,280332421251,26666886003,11089217932,,388,25%,20%,61%,178%,272%
MEDS,PT Hetzer Medical Indonesia Tbk,10 Aug 2022,Healthcare,PT Wanteg Sekuritas,pengembangan,lainnya,1562500000,"0,2",modal belanja,rupiah,51305204186,16112021805,13038190545,7404692881,,2729745532,125,34%,127%,114%,0%,-38%
CRAB,PT Toba Surimi Industries Tbk,10 Aug 2022,Consumer Non-Cyclicals,PT KGI Sekuritas Indonesia,pengembangan,lainnya,1950000000,"0,2",modal kerja,rupiah,363551645433,247296617893,135592898735,17387464788,6084199642,2926421615,150,35%,56%,59%,41%,59%
COAL,PT Black Diamond Resources Tbk,7 Sep 2022,Energy,PT  Surya Fajar Sekuritas,pemantauan khusus,lainnya,6250000000,"0,2",modal kerja,rupiah,368114111000,249576736000000,95530761000,49028909000,,43301731000,100,35%,280%,354%,36%,-45%
PRAY,PT Famon Awal Bros Sedaya Tbk,8 Nov 2022,Healthcare,PT Indo Premier Sekuritas,pengembangan,lainnya,13959422300,"0,0217",ekspansi,rupiah,3722940000000,1337535000000,481200000000,117014000000,36048000000,20276000000,900,-1%,-16%,-18%,-19%,-23%
OMED,PT Jayamas Medica Industri Tbk,8 Nov 2022,Healthcare,PT CLSA Sekuritas Indonesia; PT CIMB Niaga Sekuritas; PT Ciptadana Sekuritas Asia,utama,lainnya,27058850000,"0,15",modal belanja,rupiah,1449091000000,363751000000,666684000000,,,88918000000,204,24%,26%,17%,-3%,3%
BELI,PT Global Digital Niaga Tbk,8 Nov 2022,Technology,PT BCA Sekuritas; PT BRI Danareksa Sekuritas; PT DBS Vickers Sekuritas Indonesia; PT Morgan Stanley Sekuritas Indonesia; PT Credit Suisse Sekuritas Indonesia; PT Mandiri Sekuritas; PT BNI Sekuritas; PT Indo Premier Sekuritas; PT KB Valbury Sekuritas; PT Yulie Sekuritas Indonesia Tbk; PT Danasakti Sekuritas Indonesia,ekonomi baru,konglomerat,118474705740,"0,15",modal kerja,rupiah,16866734000000,8701959000000,6711741000000,-560757000000,-2415073000000,-2502326000000,450,0%,5%,6%,1%,4%
BSBK,PT Wulandari Bangun Laksana Tbk,8 Nov 2022,Properties & Real Estate,PT KGI Sekuritas Indonesia; PT Panca Global Sekuritas; PT Yuanta Sekuritas Indonesia; PT Aartha Sekuritas Indonesia,pengembangan,lainnya,22750000000,"0,1209",modal kerja,rupiah,2264980000000,1116300000000,55906000000,38950000000,14557000000,-1943000000,100,35%,170%,140%,-50%,-50%
CBUT,PT Citra Borneo Utama Tbk,8 Nov 2022,Consumer Non-Cyclicals,PT BRI Danareksa Sekuritas; PT Maybank Sekuritas Indonesia; PT Mirae Asset Sekuritas Indonesia; PT UOB Kay Hian Sekuritas,pengembangan,konglomerat,3125000000,"0,2",ekspansi,rupiah,2451812000000,2293824000000,4709101000000,-922141000000,-116060000000,-59633000000,690,25%,21%,88%,180%,197%
MKTR,PT Menthobi Karyatama Raya Tbk,8 Nov 2022,Consumer Non-Cyclicals,PT Danatama Makmur Sekuritas; PT KB Valbury Sekuritas; PT Wanteg Sekuritas,utama,konglomerat,12000000000,"0,2083",ekspansi,rupiah,672184221000,460311882000,466973349000,80739758000,55222214000,26304647000,120,8%,9%,4%,73%,3%
KDTN,PT Puri Sentul Permai Tbk,9 Nov 2022,Consumer Cyclicals,PT Victoria Sekuritas Indonesia,pengembangan,lainnya,1250000000,"0,2",ekspansi,rupiah,45367912371,15230430759,11720717966,5926169192,1777583512,1024168625,150,26%,7%,-8%,-10%,-30%
PDPP,PT Primadaya Plastisindo Tbk,9 Nov 2022,Basic Materials,PT Semesta Indovest Sekuritas,utama,lainnya,2500000000,"0,2",ekspansi,rupiah,389732810685,137488961753,144718541316,28841176832,16707603700,11960963379,200,35%,16%,1%,45%,56%
ZATA,PT Bersama Zatta Jaya Tbk,10 Nov 2022,Consumer Cyclicals,PT UOB Kay Hian Sekuritas,pemantauan khusus,lainnya,8496000000,"0,2001",ekspansi,rupiah,559100000000,209941000000,143262000000,56768000000,,-7613000000,100,35%,182%,31%,-50%,-50%
KETR,PT Ketrosden Triasmitra Tbk,10 Nov 2022,Infrastructures,PT Shinhan Sekuritas Indonesia,pengembangan,lainnya,2841262838,"0,15",modal kerja,rupiah,1418281973953,720333916496,161712083774,95038769033,55521935461,28154823508,300,7%,-6%,-25%,-39%,-23%
NINE,PT Techno9 Indonesia Tbk,5 Dec 2022,Technology,PT Victoria Sekuritas Indonesia; PT Elit Sukses Sekuritas,akselerasi,start up,2157000000,"0,2003",modal kerja,rupiah,23161016471,6706528196,12635154569,3943098463,2021283235,-1333301977,75,-8%,-37%,-39%,-59%,-87%
MMIX,PT Multi Medika Internasional Tbk,6 Dec 2022,Healthcare,PT Mirae Asset Sekuritas Indonesia,pengembangan,lainnya,2400000000,"0,25",modal kerja,rupiah,82607739211,32468867450,82128810016,52134119839,,19752857765,190,35%,27%,71%,29%,-11%
PADA,PT Personel Alih Daya Tbk,8 Dec 2022,Industrials,PT UOB Kay Hian Sekuritas; PT Erdikha Elit Sekuritas,pemantauan khusus,lainnya,3150000000,"0,2857",modal kerja,rupiah,237418410476,185909894625,453496454066,26291520919,8413369770,-2375473564,100,10%,10%,144%,-19%,-50%
ISAP,PT Isra Presisi Indonesia Tbk,9 Dec 2022,Consumer Cyclicals,PT UOB Kay Hian Sekuritas,akselerasi,lainnya,4020000000,"0,3731",modal kerja,rupiah,42481000000,15136000000,9685000000,3388000000,1968000000,-17490000000,96,-9%,-26%,17%,-69%,-89%
VTNY,PT Venteny Fortuna International Tbk,15 Dec 2022,Financials,PT BRI Danareksa Sekuritas; PT Surya Fajar Sekuritas; PT Mirae Asset Sekuritas Indonesia; PT Mega Capital Sekuritas,pengembangan,start up,6265193445,"0,15",ekspansi,rupiah,354525803654,273890699251,29205224272,10982081910,,3778232736,360,10%,12%,18%,1%,-27%
BEER,PT Jobubu Jarum Minahasa Tbk,6 Jan 2023,Consumer Non-Cyclicals,PT UOB Kay Hian Sekuritas,pengembangan,lainnya,4000000000,"0,2",modal kerja,rupiah,61270561863,15192857961,54901084237,22782242271,,-11058064724,220,17%,25%,66%,54%,30%
SOUL,PT Mitra Tirta Buwana Tbk,6 Jan 2023,Consumer Non-Cyclicals,PT Shinhan Sekuritas Indonesia; PT Wanteg Sekuritas,akselerasi,lainnya,1082500000,"0,2494",modal kerja,rupiah,18746882985,2007337392,2588362641,1536026818,-394277718,242945846,110,-10%,-36%,-59%,-78%,-80%
ELIT,PT Data Sinergitama Jaya Tbk,6 Jan 2023,Technology,PT NH Korindo Sekuritas Indonesia,pengembangan,start up,2031456532,"0,2461",modal belanja,rupiah,97684321709,44857213259,136513142359,37212135288,,7561016833,120,-7%,41%,13%,10%,-24%
CBPE,PT Citra Buana Prasida Tbk,6 Jan 2023,Properties & Real Estate,PT Panin Sekuritas Tbk,pengembangan,lainnya,1356250000,"0,2",ekspansi,rupiah,199871396625,68017694848,19262541781,15262609325,7453253017,,150,-1%,19%,-1%,-11%,-14%
SUNI,PT Sunindo Pratama Tbk,9 Jan 2023,Energy,PT UOB Kay Hian Sekuritas,utama,lainnya,2500000000,"0,24",bayar hutang,rupiah,465893473563,123726044271,245080231988,66733837251,,,300,0%,1%,-1%,-7%,23%
CBRE,PT Cakra Buana Resources Energi Tbk,9 Jan 2023,Energy,PT RHB Sekuritas Indonesia; PT KGI Sekuritas Indonesia,pemantauan khusus,lainnya,4538000000,"0,1626",modal kerja,rupiah,99682594325,13220496026,12071666666,-5721486216,-2774701298,2629841298,108,34%,47%,-17%,-54%,-54%
WINE,PT Hatten Bali Tbk,10 Jan 2023,Consumer Non-Cyclicals,PT NH Korindo Sekuritas Indonesia,pengembangan,lainnya,2710000000,"0,2502",modal belanja,rupiah,307073919122,178058556374,64211861658,31724886167,-6264357040,-4722626260,129,35%,134%,185%,357%,213%
BMBL,PT Lavender Bina Cendikia Tbk,11 Jan 2023,Consumer Cyclicals,PT Mirae Asset Sekuritas Indonesia; PT KGI Sekuritas Indonesia,akselerasi,lainnya,1030000000,"0,2719",bayar hutang,rupiah,33861830523,3201782057,9987416059,7964983230,4579519640,4144689739,188,-10%,-40%,-65%,-70%,-88%
PEVE,PT Penta Valent Tbk,24 Jan 2023,Healthcare,PT Lotus Andalan Sekuritas,pengembangan,lainnya,1765625000,"0,2",modal kerja,rupiah,649335721000,514351157000,1165769345000,105062127000,,9710178000,149,34%,48%,32%,16%,17%
LAJU,PT Jasa Berdikari Logistics Tbk,27 Jan 2023,Transportation & Logistic,PT NH Korindo Sekuritas Indonesia,pengembangan,lainnya,2149840000,"0,3256",modal kerja,rupiah,104939148174,50605053298,133582283449,32308614257,,10735057550,100,35%,41%,144%,-36%,-45%
FWCT,PT Wijaya Cahaya Timber Tbk,1 Feb 2023,Basic Materials,PT Lotus Andalan Sekuritas,pengembangan,lainnya,1875000000,"0,2",modal belanja,rupiah,393200934000,177454760000,508289676000,61110241000,37358393000,25181704000,118,35%,2%,-7%,-56%,-40%
NAYZ,PT Hassana Boga Sejahtera Tbk,6 Feb 2023,Consumer Non-Cyclicals,PT Surya Fajar Sekuritas,akselerasi,lainnya,2550000000,"0,2",modal belanja,rupiah,28692436237,5699543782,26794354331,12945741415,,614697899,100,-10%,-28%,-3%,-74%,-83%
IRSX,PT Aviana Sinar Abadi Tbk,7 Feb 2023,Technology,PT Shinhan Sekuritas Indonesia,pemantauan khusus,start up,5000000000,"0,2",modal kerja,rupiah,72059076912,5095672725,8265491517,2621931108,657255320,2734532967,101,2%,-7%,-9%,4%,-50%
VAST,PT Vastland Indonesia Tbk,8 Feb 2023,Properties & Real Estate,PT Erdikha Elit Sekuritas,pengembangan,lainnya,3055700000,"0,2127",ekspansi,rupiah,276667293948,80310194003,19037954757,18004082197,,,108,-6%,0%,-8%,-36%,-41%
HALO,PT Haloni Jane Tbk,8 Feb 2023,Healthcare,PT Danatama Makmur Sekuritas; PT KB Valbury Sekuritas,pengembangan,lainnya,5650000000,"0,2",modal kerja,rupiah,309954114600,284691650497,199908347335,19905159815,,-8219903475,100,17%,19%,17%,-20%,-50%
PACK,PT Solusi Kemasan Digital Tbk,8 Feb 2023,Basic Materials,PT NH Korindo Sekuritas Indonesia,akselerasi,start up,1537546000,"0,2003",modal kerja,rupiah,41344745444,37129430154,26216568117,6027099394,,-705950071,162,-10%,-37%,-33%,4%,-75%
CHIP,PT Pelita Teknologi Global Tbk,8 Feb 2023,Technology,PT Lotus Andalan Sekuritas,akselerasi,start up,806000000,"0,2481",modal kerja,rupiah,61253286000,45721982000,56635038000,10150775000,,-5014838000,160,10%,44%,322%,888%,1306%
KING,PT Hoffmen Cleanindo Tbk,16 Feb 2023,Industrials,PT NH Korindo Sekuritas Indonesia,akselerasi,lainnya,2600000000,"0,2",modal kerja,rupiah,72807293954,45236731195,104306458883,14833436340,3077961229,-689375684,130,-10%,-12%,32%,4%,35%
PGEO,PT Pertamina Geothermal Energy Tbk,24 Feb 2023,Infrastructures,PT CLSA Sekuritas Indonesia; PT Credit Suisse Sekuritas Indonesia; PT Mandiri Sekuritas; PT HSBC Sekuritas Indonesia; PT Bahana Sekuritas; PT Danasakti Sekuritas Indonesia; PT Samuel Sekuritas Indonesia,utama,bumn,41396142000,"0,25",ekspansi,usd,37117849808000,17173104000000,4363866416000,2505268896000,2731252368000,1691937936000,875,0%,-1%,-9%,19%,40%
FUTR,PT Lini Imaji Kreasi Ekosistem Tbk,27 Feb 2023,Consumer Cyclicals,PT Indo Capital Sekuritas; PT KGI Sekuritas Indonesia,pengembangan,start up,6390000000,"0,2",modal kerja,rupiah,71736198070,11086516002,19792318182,13587339825,11243900017,8670852326,100,0%,42%,21%,-50%,-50%
HILL,PT Hillcon Tbk,1 Mar 2023,Energy,PT Mirae Asset Sekuritas Indonesia; PT Sucor Sekuritas; PT Macquarie Sekuritas Indonesia,utama,lainnya,2948300000,"0,15",modal kerja,rupiah,3094788000000,2234775000000,2171206000000,579102000000,-443796000000,-260429000000,1250,6%,26%,62%,132%,93%
BDKR,PT Berdikari Pondasi Perkasa Tbk,3 Mar 2023,Infrastructures,PT Semesta Indovest Sekuritas,utama,lainnya,4707100000,"0,15",modal kerja,rupiah,1115922236052,546840041016,477120794735,,44503242771,,200,15%,29%,28%,153%,160%
PTMP,PT Mitra Pack Tbk,6 Mar 2023,Industrials,PT NH Korindo Sekuritas Indonesia,pengembangan,lainnya,3169200000,"0,2524",modal kerja,rupiah,126238316593,49844022287,123650283493,41034013215,,16562689559,120,19%,13%,77%,14%,145%
CUAN,PT Petrindo Jaya Kreasi Tbk,8 Mar 2023,Energy,PT Henan Putihrai Sekuritas; PT BRI Danareksa Sekuritas,utama,konglomerat,11241890000,"0,1503",ekspansi,rupiah,1410458048579,405585462941,913529160467,-601224639505,,-291891610431,220,25%,200%,309%,991%,3014%
SAGE,PT Saptausaha Gemilangindah Tbk,8 Mar 2023,Properties & Real Estate,PT Danatama Makmur Sekuritas; PT Aartha Sekuritas Indonesia,pemantauan khusus,lainnya,8033250000,"0,2004",bayar hutang,rupiah,268877043010,148228051519,20519309930,,,4696657212,100,35%,40%,272%,-50%,-50%
TRON,PT Teknologi Karya Digital Nusa Tbk,8 Mar 2023,Technology,PT Surya Fajar Sekuritas,pengembangan,start up,2950000000,"0,2542",modal kerja,rupiah,83367300740,23190851888,84040736448,34149410258,17353147592,13404525000,180,31%,50%,53%,64%,42%
NSSS,PT Nusantara Sawit Sejahtera Tbk,10 Mar 2023,Consumer Non-Cyclicals,PT Samuel Sekuritas Indonesia; PT BRI Danareksa Sekuritas; PT Sucor Sekuritas; PT Mirae Asset Sekuritas Indonesia; PT Yulie Sekuritas Indonesia Tbk; PT Phillip Sekuritas Indonesia; PT Danasakti Sekuritas Indonesia,pengembangan,lainnya,23788235300,"0,15",modal belanja,rupiah,2932654000000,2307328000000,864315000000,345297000000,255850000000,-64599000000,127,6%,3%,14%,52%,38%
GTRA,PT Grahaprima Suksesmandiri Tbk,30 Mar 2023,Transportation & Logistic,PT UOB Kay Hian Sekuritas,pengembangan,lainnya,1894375000,"0,2",modal belanja,rupiah,650517000000,456514000000,195317000000,87569000000,13599000000,,150,35%,85%,77%,39%,9%
HAJJ,PT Arsy Buana Travelindo Tbk,5 Apr 2023,Consumer Cyclicals,PT Surya Fajar Sekuritas,akselerasi,lainnya,2290500000,"0,2999",modal kerja,rupiah,97242816189,45129761711,189727775580,-12053839788,,-5839090611,140,10%,25%,211%,9%,-7%
PIPA,PT Multi Makmur Lemindo Tbk,10 Apr 2023,Industrials,PT Shinhan Sekuritas Indonesia,pemantauan khusus,lainnya,3425000000,"0,2701",modal belanja,rupiah,89251027649,37456058142,31844661037,8223012707,3285694576,,105,34%,60%,1%,-52%,-52%
NCKL,PT Trimegah Bangun Persada Tbk,12 Apr 2023,Basic Materials,PT BNP Paribas Securities Indonesia; PT Citigroup Sekuritas Indonesia; PT Credit Suisse Sekuritas Indonesia; PT Mandiri Sekuritas; PT DBS Vickers Sekuritas Indonesia; PT OCBC Sekuritas Indonesia; PT UOB Kay Hian Sekuritas,utama,konglomerat,63098600000,"0,1267",bayar hutang,rupiah,33592338626368,19616998802011,9040409439808,4489021246766,3925880359325,4305692310705,1250,4%,16%,-10%,-21%,-28%
AWAN,PT Era Digital Media Tbk,18 Apr 2023,Technology,PT Samuel Sekuritas Indonesia; PT Sucor Sekuritas,pengembangan,start up,3435000000,"0,2183",modal belanja,rupiah,24750829485,3884498719,21644121500,14820247646,4943143704,7324568393,100,35%,212%,152%,134%,218%
MENN,PT Menn Teknologi Indonesia Tbk,18 Apr 2023,Technology,PT Indo Capital Sekuritas; PT KGI Sekuritas Indonesia,akselerasi,start up,1434000000,"0,3",modal belanja,rupiah,12492147084,984795198,4363045063,2680858045,917748428,,78,-9%,-31%,-45%,42%,-87%
MBMA,PT Merdeka Battery Materials Tbk,18 Apr 2023,Basic Materials,PT Indo Premier Sekuritas; PT Trimegah Sekuritas Indonesia Tbk; PT UBS Sekuritas Indonesia; PT Macquarie Sekuritas Indonesia; PT Sucor Sekuritas; PT Aldiracita Sekuritas Indonesia; PT Ciptadana Sekuritas Asia,pengembangan,konglomerat,107995419900,"0,1024",bayar hutang,usd,28758211132976,9142454866480,4394958905376,475355876528,-300386514480,-493097682064,795,11%,1%,-1%,-10%,-32%
TYRE,PT King Tire Indonesia Tbk,8 May 2023,Consumer Cyclicals,PT Victoria Sekuritas Indonesia,pengembangan,lainnya,3478020000,"0,2013",modal kerja,rupiah,380847754345,190814759012,451766989508,72471343508,29228493016,20393706480,138,35%,2%,-11%,-12%,-1%
DOOH,PT Era Media Sejahtera Tbk,8 May 2023,Consumer Cyclicals,PT Indo Capital Sekuritas; PT KGI Sekuritas Indonesia,pengembangan,start up,7737500000,"0,2",modal kerja,rupiah,79524869710,9144769845,31038251553,15767120205,7576243765,6318199485,100,5%,-1%,-48%,60%,-45%
JATI,PT Informasi Teknologi Indonesia Tbk,8 May 2023,Technology,PT KGI Sekuritas Indonesia; PT Shinhan Sekuritas Indonesia,pengembangan,start up,3262500000,"0,2",modal kerja,rupiah,271250571337,180084633150,371892406283,65673409897,26601159631,20304945081,100,35%,114%,45%,-28%,-50%
RAAM,PT Tripar Multivision Plus Tbk,8 May 2023,Consumer Cyclicals,PT UOB Kay Hian Sekuritas; PT Sucor Sekuritas,utama,lainnya,6194200000,"0,15",modal kerja,rupiah,1116334000000,198691000000,11410000000,6601000000,,-44000000,234,25%,201%,225%,105%,122%
MPXL,PT MPX Logistics International Tbk,9 May 2023,Transportation & Logistic,PT Panin Sekuritas Tbk,pengembangan,lainnya,2000000000,"0,2",modal belanja,rupiah,60721431854,21198134841,107020851513,14018072896,,6025095569,108,34%,14%,15%,59%,36%
SMIL,PT Sarana Mitra Luas Tbk,12 May 2023,Industrials,PT MNC Sekuritas; PT KB Valbury Sekuritas; PT Erdikha Elit Sekuritas,utama,lainnya,8750000000,"0,2",modal belanja,rupiah,572895085011,172742153896,203158575754,61973928557,41160835352,25400891371,100,35%,48%,43%,26%,41%
MAXI,PT Maxindo Karya Anugerah Tbk,12 Jun 2023,Consumer Non-Cyclicals,PT Shinhan Sekuritas Indonesia,pengembangan,lainnya,9610000000,"0,1041",modal kerja,rupiah,154769287222,48720516888,19098065425,5083068271,-628567552,-1920310583,100,-15%,-42%,-39%,-50%,-51%
KLAS,PT Pelayaran Kurnia Lautan Semesta Tbk,12 Jun 2023,Transportation & Logistic,PT Panin Sekuritas Tbk,pengembangan,lainnya,2165000000,"0,2494",modal belanja,rupiah,230091682088,123115462118,179426441524,65006754990,,28907747378,146,35%,-9%,-29%,-39%,-17%
VKTR,PT VKTR Teknologi Mobilitas Tbk,19 Jun 2023,Consumer Cyclicals,PT Samuel Sekuritas Indonesia; PT Ciptadana Sekuritas Asia; PT Trimegah Sekuritas Indonesia Tbk,pengembangan,konglomerat,43750000000,"0,2",bayar hutang,rupiah,1032905000000,758025000000,1071130000000,192662000000,79288000000,68241000000,100,11%,15%,30%,15%,0%
RELF,PT Graha Mitra Asia Tbk,22 Jun 2023,Properties & Real Estate,PT UOB Kay Hian Sekuritas,akselerasi,lainnya,5727800000,"0,2095",modal belanja,rupiah,166038000000,47576000000,18347000000,9427000000,4487000000,,90,10%,57%,53%,-71%,-83%
AMMN,PT Amman Mineral Internasional Tbk,7 Jul 2023,Basic Materials,PT BNI Sekuritas; PT Mandiri Sekuritas; PT CLSA Sekuritas Indonesia; PT DBS Vickers Sekuritas Indonesia; PT BRI Danareksa Sekuritas; PT Maybank Sekuritas Indonesia; PT Samuel Sekuritas Indonesia,utama,konglomerat,71915881656,"0,088",modal belanja,usd,101172544232500,44984782050000,44057924235000,25513139860000,23778110850000,17105133110000,1695,4%,4%,69%,282%,581%
CRSN,PT Carsurin Tbk,10 Jul 2023,Industrials,PT NH Korindo Sekuritas Indonesia,pengembangan,lainnya,2892000000,"0,2075",modal belanja,rupiah,170091037748,55562227348,363365202661,183479991242,,30209836389,125,14%,-10%,-7%,-2%,-20%
GRPM,PT Graha Prima Mentari Tbk,10 Jul 2023,Consumer Non-Cyclicals,PT NH Korindo Sekuritas Indonesia,akselerasi,lainnya,1545000000,"0,2",modal kerja,rupiah,50208565995,19273734762,325984796778,23217888781,2996055061,2264537620,120,-10%,-30%,-38%,-60%,-63%
TGUK,PT Platinum Wahab Nusantara Tbk,10 Jul 2023,Consumer Non-Cyclicals,PT Semesta Indovest Sekuritas,pemantauan khusus,lainnya,3571429000,"0,3",modal belanja,rupiah,76163244322,16885219341,128305264796,78021474019,16170849702,12642475951,110,35%,26%,-10%,-15%,-55%
WIDI,PT Widiant Jaya Krenindo Tbk,10 Jul 2023,Industrials,PT Artha Sekuritas Indonesia,akselerasi,lainnya,1600000000,"0,25",modal kerja,rupiah,16705893953,6590764278,11041189690,4559342330,1542953805,1010755134,100,10%,8%,40%,-56%,-92%
INET,PT Sinergi Inti Andalan Prima Tbk,24 Jul 2023,Infrastructures,PT Shinhan Sekuritas Indonesia,pengembangan,lainnya,7500000000,"0,2",modal kerja,rupiah,72983848409,7780796134,6504689740,1794365022,794893264,515065262,101,35%,100%,84%,-31%,-50%
MAHA,PT Mandiri Herindo Adiperkasa Tbk,25 Jul 2023,Energy,PT Trimegah Sekuritas Indonesia Tbk,utama,lainnya,16666000000,"0,25",modal kerja,rupiah,1728663660000,650461493000,455360615000,117478676000,,41026288000,118,35%,132%,114%,58%,65%
RMKO,PT Royaltama Mulia Kontraktorindo Tbk,31 Jul 2023,Energy,PT Victoria Sekuritas Indonesia,pengembangan,lainnya,1250000000,"0,2",modal belanja,rupiah,237081642551,118709141190,20915132345,4003778562,3054602744,1831216675,450,24%,21%,-17%,-43%,-53%
CNMA,PT Nusantara Sejahtera Raya Tbk,2 Aug 2023,Consumer Cyclicals,PT Indo Premier Sekuritas; PT J.P. Morgan Sekuritas Indonesia; PT Mandiri Sekuritas; PT UBS Sekuritas Indonesia,utama,konglomerat,83345000000,"0,1",ekspansi,rupiah,6759546000000,4106897000000,4401050000000,724138000000,717008000000,504535000000,270,17%,14%,1%,-4%,-16%
HBAT,PT Minahasa Membangun Hebat Tbk,7 Aug 2023,Properties & Real Estate,PT Lotus Andalan Sekuritas,akselerasi,lainnya,1040740800,"0,2313",ekspansi,rupiah,41272733000,2665379000,11981896000,6734070000,14024855000,2368575000,108,-9%,-38%,-49%,-64%,-76%
FOLK,PT Multi Garam Utama Tbk,7 Aug 2023,Industrials,PT KGI Sekuritas Indonesia; PT Samuel Sekuritas Indonesia,pengembangan,lainnya,3948133300,"0,1444",modal belanja,rupiah,76693950132,4469822412,7525201923,4618641919,-514894192,-378421337,100,13%,-15%,-27%,-41%,-45%
PPRI,PT Paperocks Indonesia Tbk,8 Aug 2023,Basic Materials,PT Indo Capital Sekuritas,pengembangan,lainnya,1075000000,"0,2558",modal belanja,rupiah,73917112171,18482280950,44960222680,6873769093,2112562206,2952763855,140,-15%,-45%,-41%,-43%,-14%
GRIA,PT Ingria Pratama Capitalindo Tbk,8 Aug 2023,Properties & Real Estate,PT Erdikha Elit Sekuritas,pengembangan,lainnya,7375720674,"0,2624",bayar hutang,rupiah,395106885377,312640340957,4330212224,1610733562,,130037004,120,-2%,-2%,-5%,0%,65%
ERAL,PT Sinar Eka Selaras Tbk,8 Aug 2023,Consumer Cyclicals,PT Mirae Asset Sekuritas Indonesia; PT BNI Sekuritas,utama,start up,5187500000,"0,2",modal kerja,rupiah,1406341661290,471648227926,360182192730,40131786696,20552982601,18895697547,390,3%,-6%,-5%,-22%,-39%
CYBR,PT ITSEC Asia Tbk,8 Aug 2023,Technology,PT Mirae Asset Sekuritas Indonesia; PT Sucor Sekuritas; PT Trimegah Sekuritas Indonesia Tbk,pengembangan,start up,6449574702,"0,1564",modal kerja,rupiah,99345970122,63882790154,9282591159,2156954158,-2171005719,-2185890851,100,35%,132%,66%,118%,198%
MUTU,PT Mutuagung Lestari Tbk,9 Aug 2023,Industrials,PT Trimegah Sekuritas Indonesia Tbk; PT Indo Premier Sekuritas,pengembangan,lainnya,3142857200,"0,3",belanja modal,rupiah,160689102687,81312965515,59417766384,25002220867,12375901250,8156558559,108,34%,23%,69%,-17%,-26%
HUMI,PT Humpuss Maritim Internasional Tbk,9 Aug 2023,Energy,PT Reliance Sekuritas Indonesia Tbk,pengembangan,konglomerat,18046450000,"0,15",belanja modal,usd,3252979102870,1157801395100,353333633030,124138831950,89151568240,78279128270,100,2%,51%,89%,-43%,-28%
LMAX,PT Lupromax Pelumas Indonesia Tbk,9 Aug 2023,Consumer Cyclicals,PT Shinhan Sekuritas Indonesia,akselerasi,lainnya,650000000,"0,2609",belanja modal,rupiah,28335811674,17101553682,37693608446,16978246689,210844161,155841482,200,10%,46%,0%,-36%,-86%
MSIE,PT Multisarana Intan Eduka Tbk,10 Aug 2023,Properties & Real Estate,PT MNC Sekuritas; PT KB Valbury Sekuritas,akselerasi,lainnya,1460000000,"0,2466",ekspansi,rupiah,92555450249,11317531490,1571354165,1334867055,,940684133,100,-10%,-40%,-58%,-76%,-85%
RSCH,PT Charlie Hospital Semarang Tbk,28 Aug 2023,Healthcare,PT Shinhan Sekuritas Indonesia; PT Elit Sukses Sekuritas,pengembangan,lainnya,2650000000,"0,2",ekspansi,rupiah,96925615357,3986559229,5941174501,1175960713,-768173944,-625398563,115,14%,16%,5%,30%,178%
BABY,PT Multitrend Indo Tbk,7 Sep 2023,Consumer Cyclicals,PT UOB Kay Hian Sekuritas,pengembangan,konglomerat,2668586400,"0,2001",modal kerja,rupiah,696500300607,310757940908,162413099148,74435299286,-4879028197,-516222013,266,9%,-2%,2%,-43%,-22%
AEGS,PT Anugerah Spareparts Sejahtera Tbk,11 Sep 2023,Consumer Cyclicals,PT Shinhan Sekuritas Indonesia,akselerasi,lainnya,1006000000,"0,3976",modal belanja,rupiah,36126118883,21342126463,3865005006,686498728,,163083186,100,-5%,-32%,-41%,-10%,-62%
KOCI,PT Kokoh Exa Nusantara Tbk,6 Oct 2023,Properties & Real Estate,PT Panca Global Sekuritas,pengembangan,konglomerat,4415590000,"0,1019",ekspansi,rupiah,77795553564,25428861660,18291976417,7245560598,4559494947,4276600935,120,-30%,-43%,-58%,-52%,-57%
IOTF,PT Sumber Sinergi Makmur Tbk,6 Oct 2023,Technology,PT KB Valbury Sekuritas; PT Shinhan Sekuritas Indonesia,pengembangan,lainnya,5280000000,"0,2083",modal kerja,rupiah,58698489543,14437112292,16124333459,4171884951,1016984183,560957670,100,35%,5%,9%,37%,35%
BREN,PT Barito Renewables Energy Tbk,9 Oct 2023,Infrastructures,PT BNI Sekuritas,utama,konglomerat,133786220000,"0,03",bayar hutang,usd,54478961460000,47039613015000,2306996855000,1197094885000,,622098470000,780,25%,203%,464%,788%,759%
PTPS,PT Pulau Subur Tbk,9 Oct 2023,Consumer Cyclicals,PT NH Korindo Sekuritas Indonesia,pengembangan,lainnya,2167500000,"0,2076",ekspansi,rupiah,76025046765,22019369145,13846817245,4922180163,,5992302249,198,-35%,-47%,-30%,-10%,-59%
STRK,PT Lovina Beach Brewery Tbk,10 Oct 2023,Consumer Non-Cyclicals,PT Artha Sekuritas Indonesia; PT Panca Global Sekuritas; PT KGI Sekuritas Indonesia; PT Waterfront Sekuritas Indonesia,pengembangan,lainnya,10721709000,"0,1101",modal belanja,rupiah,70588409490,19087673754,10859348665,6691893509,20474414860,19495325284,100,35%,128%,210%,-50%,-50%
KOKA,PT Koka Indonesia Tbk,11 Oct 2023,Infrastructures,PT KGI Sekuritas Indonesia; PT UOB Kay Hian Sekuritas,pengembangan,lainnya,2861333000,"0,25",modal kerja,rupiah,107174464037,29744646475,69544387366,19532946868,,11871688903,128,33%,-13%,-52%,-47%,-52%
LOPI,PT Logisticsplus International Tbk,11 Oct 2023,Transportation & Logistic,PT Elit Sukses Sekuritas,akselerasi,lainnya,1100000000,"0,2727",modal kerja,rupiah,36753905768,10881827503,13168664110,3052945579,1000110676,490742929,100,-10%,-14%,-30%,-47%,-76%
UDNG,PT Agro Bahari Nusantara Tbk,31 Oct 2023,Consumer Non-Cyclicals,PT MNC Sekuritas; PT Korea Investment and Sekuritas Indonesia,akselerasi,lainnya,1750000000,"0,2857",ekspansi,rupiah,15186124530,1122288441,3883986712,2017083946,1709400427,1603608081,100,10%,-5%,20%,-36%,-50%
RGAS,PT Kian Santang Muliatama Tbk,8 Nov 2023,Energy,PT Erdikha Elit Sekuritas,pengembangan,lainnya,1459200000,"0,229",modal belanja,rupiah,52583752249,1528180938,12375275001,4495661360,,1208248812,120,4%,-8%,-13%,-21%,-13%
MSTI,PT Mastersystem Infotama Tbk,8 Nov 2023,Technology,PT Indo Premier Sekuritas; PT Maybank Sekuritas Indonesia,utama,lainnya,3138823600,"0,15",bayar hutang,rupiah,2176120078664,893732058438,745200569839,145722505089,47432395876,49672007236,1355,7%,2%,0%,11%,14%
IKPM,PT Ikapharmindo Putramas Tbk,8 Nov 2023,Healthcare,PT OCBC Sekuritas Indonesia,pengembangan,lainnya,1684662500,"0,2",modal belanja,rupiah,415412443911,231508464764,143279825111,60617045178,14435311860,7820082753,165,10%,5%,16%,52%,67%
AYAM,PT Janu Putra Sejahtera Tbk,30 Nov 2023,Consumer Non-Cyclicals,PT UOB Kay Hian Sekuritas,pengembangan,lainnya,4000000000,"0,2",ekspansi,rupiah,267425000000,147279000000,115669000000,8833000000,665000000,4256000000,100,35%,11%,10%,7%,49%
SURI,PT Maja Agung Latexindo Tbk,7 Dec 2023,Healthcare,PT Shinhan Sekuritas Indonesia,pengembangan,lainnya,6334375000,"0,2",modal belanja,rupiah,177093378114,55039966261,9084543299,1558807820,-3918913717,-5917269225,170,-5%,-4%,-1%,-18%,-71%
ASLI,PT Asri Karya Lestari Tbk,5 Jan 2024,Infrastructures,PT NH Korindo Sekuritas Indonesia,pengembangan,lainnya,6250000000,"0,2",modal belanja,rupiah,382752444311,37090185004,82616225184,26614602130,,10746700141,100,-11%,-39%,-49%,-50%,-50%
CGAS,PT Citra Nusantara Gemilang Tbk,8 Jan 2024,Energy,PT Pilarmas Investindo Sekuritas,pengembangan,lainnya,1771429000,"0,3",modal belanja,rupiah,188553586928,112144635908,182661821036,35402308261,4662433332,4634084942,338,25%,46%,-46%,-61%,-70%
NICE,PT Adhi Kartiko Pratama Tbk,9 Jan 2024,Basic Materials,PT KB Valbury Sekuritas; PT Trimegah Sekuritas Indonesia Tbk; PT UOB Kay Hian Sekuritas,pengembangan,lainnya,6082020000,"0,2",modal belanja,rupiah,265717483617,146680524178,378562921086,66860665592,,40546970835,438,20%,31%,19%,47%,-19%
MSJA,PT Multi Spunindo Jaya Tbk,10 Jan 2024,Consumer Cyclicals,PT BRI Danareksa Sekuritas; PT Reliance Sekuritas Indonesia Tbk,pengembangan,lainnya,5882352900,"0,15",modal belanja,usd,1425722262965,428670341770,567352779620,123145003465,74229593955,56884119265,300,15%,25%,13%,-3%,13%
SMLE,PT Sinergi Multi Lestarindo Tbk,10 Jan 2024,Basic Materials,PT MNC Sekuritas; PT Erdikha Elit Sekuritas,pengembangan,lainnya,2328125000,"0,2",modal belanja,rupiah,86055664583,63448283667,92317161613,23370010690,,2220346422,175,35%,5%,-32%,-61%,-35%
ACRO,PT Samcro Hyosung Adilestari Tbk,11 Jan 2024,Consumer Cyclicals,PT UOB Kay Hian Sekuritas,pengembangan,lainnya,3469138591,"0,2",modal belanja,rupiah,103972982935,48295012099,22767290135,9785001404,6805321309,4158520192,108,34%,-1%,-15%,-22%,-32%
MANG,PT Manggung Polahraya Tbk,11 Jan 2024,Infrastructures,PT Panca Global Sekuritas,akselerasi,lainnya,3812500000,"0,2",modal kerja,rupiah,114977197199,44486491697,34880657674,6952458909,2475331952,402720082,100,-10%,-28%,7%,30%,-3%
GRPH,PT Griptha Putra Persada Tbk,18 Jan 2024,Consumer Cyclicals,PT Elit Sukses Sekuritas,pengembangan,lainnya,1000000000,"0,2",modal belanja,rupiah,73950057594,21025042960,14725921772,7841265534,,1430965988,103,15%,-17%,-45%,-51%,-51%
SMGA,PT Sumber Mineral Global Abadi Tbk,30 Jan 2024,Basic Materials,PT Victoria Sekuritas Indonesia,pengembangan,lainnya,8750000000,"0,2",modal kerja,rupiah,296714062702,129355861719,112156060225,10667772090,4800149441,5048029195,105,34%,10%,-3%,-12%,-43%
TOSK,PT Topindo Solusi Komunika Tbk,7 Feb 2024,Technology,PT MNC Sekuritas; PT Erdikha Elit Sekuritas,pengembangan,start up,4375000000,"0,2",modal kerja,rupiah,87673817000,49635805000,1354945035000,15308713000,-784189000,1585481000,125,4%,-23%,-19%,-60%,-60%
UNTD,PT Terang Dunia Internusa Tbk,7 Feb 2024,Consumer Cyclicals,PT Mirae Asset Sekuritas Indonesia; PT BRI Danareksa Sekuritas,pengembangan,lainnya,6666666700,"0,25",modal kerja,rupiah,832597453183,617469488983,479772355224,109957373594,80648091320,46003958181,240,-3%,-27%,-28%,-50%,-63%
MPIX,PT Mitra Pedagang Indonesia Tbk,7 Feb 2024,Technology,PT RHB Sekuritas Indonesia; PT KGI Sekuritas Indonesia,pengembangan,konglomerat,1571500000,"0,2",modal kerja,rupiah,55369171422,15502541736,485720092613,19504902740,15605697926,12065548843,268,25%,-50%,-35%,-78%,-77%
ALII,PT Ancara Logistics Indonesia Tbk,7 Feb 2024,Energy,PT Ciptadana Sekuritas Asia; PT Samuel Sekuritas Indonesia,utama,lainnya,15825800000,"0,2",bayar hutang,rupiah,1855157640000,1240851005000,662880737000,294865041000,,166132792000,272,25%,45%,80%,17%,44%
MEJA,PT Harta Djaya Karya Tbk,12 Feb 2024,Consumer Cyclicals,PT MNC Sekuritas; PT Erdikha Elit Sekuritas,akselerasi,lainnya,1917500000,"0,2503",modal kerja,rupiah,50287076489,18626257449,16546905932,7938719517,,2837036532,103,10%,-2%,59%,83%,290%
MKAP,PT Multikarya Asia Pasifik Raya Tbk,12 Feb 2024,Energy,PT Lotus Andalan Sekuritas,pengembangan,lainnya,3250000000,"0,2",modal kerja,rupiah,259699020870,110547735439,131606839149,51977424107,,17158994618,115,35%,114%,107%,241%,157%
LIVE,PT Homeco Victoria Makmur Tbk,12 Feb 2024,Consumer Cyclicals,PT Binaartha Sekuritas; PT Samuel Sekuritas Indonesia,pengembangan,lainnya,4593005014,"0,176",bayar hutang,rupiah,293600438894,123107152847,134224680418,53192267025,27024960007,19646585653,148,18%,16%,4%,36%,35%
HYGN,PT Ecocare Indo Pasifik Tbk,13 Feb 2024,Industrials,PT KGI Sekuritas Indonesia,pengembangan,lainnya,2525000000,"0,2079",modal kerja,rupiah,139829320073,61882288446,131412252878,54981049260,7563870647,8794484224,145,14%,17%,3%,-8%,-11%
BAIK,PT Bersama Mencapai Puncak Tbk,15 Feb 2024,Consumer Cyclicals,PT MNC Sekuritas; PT KGI Sekuritas Indonesia,pengembangan,lainnya,1125000000,"0,2",modal kerja,rupiah,77719719033,14973043982,96844728135,26346224638,11526578234,8905663404,278,-24%,-56%,-65%,-77%,-78%
VISI,PT Satu Visi Putra Tbk,27 Feb 2024,Industrials,PT Surya Fajar Sekuritas,pengembangan,lainnya,3075000000,"0,2",modal kerja,rupiah,229949434657,123508965810,256221025427,42715857888,,20389240403,120,28%,2%,42%,98%,52%
AREA,PT Dunia Virtual Online Tbk,1 Apr 2024,Consumer Cyclicals,PT Panin Sekuritas Tbk,pengembangan,start up,2539601000,"0,2008",modal belanja,rupiah,221080697134,60114052829,30931147656,10776423374,4375035417,1846798291,131,6%,-14%,-14%,63%,247%
ATLA,PT Atlantis Subsea Indonesia Tbk,16 Apr 2024,Energy,PT Artha Sekuritas Indonesia,pengembangan,lainnya,6199500000,"0,1936",modal belanja,rupiah,52875310795,4177135814,30750596199,7958886009,2979726687,1875993020,100,35%,164%,46%,-50%,-50%
MHKI,PT Multi Hanna Kreasindo Tbk,16 Apr 2024,Industrials,PT NH Korindo Sekuritas Indonesia,pengembangan,lainnya,3750000000,"0,2",modal belanja,rupiah,326797682069,24340336257,108003224202,63448235013,,23252529682,160,35%,91%,156%,-21%,-43%
DATA,PT Remala Abadi Tbk,7 May 2024,Technology,PT UOB Kay Hian Sekuritas,pengembangan,lainnya,1375000000,"0,2",modal belanja,rupiah,135745785969,41037741015,179096045967,103860523971,,29392868254,188,34%,132%,63%,214%,671%
SOLA,PT Xolare RCR Energy Tbk,8 May 2024,Basic Materials,PT UOB Kay Hian Sekuritas,pengembangan,lainnya,3281250000,"0,2",modal belanja,rupiah,87330000000,15650000000,48500000000,18088000000,,1940000000,110,35%,72%,-55%,-55%,-32%
BATR,PT Benteng Api Technic Tbk,10 Jun 2024,Basic Materials,PT KGI Sekuritas Indonesia,pengembangan,lainnya,3025000000,"0,205",modal kerja,rupiah,112730454327,41433504401,123184986363,36249780086,,9321047873,110,9%,-19%,-22%,-32%,
SPRE,PT Soraya Berjaya Indonesia Tbk,3 Jul 2024,Consumer Cyclicals,PT MNC Sekuritas,akselerasi,lainnya,800000000,"0,3",modal kerja,rupiah,24832103243,7119688866,49130209616,11454073301,,2936432560,125,10%,41%,182%,31%,
PART,PT Cipta Perdana Lancar Tbk,5 Jul 2024,Consumer Cyclicals,PT MNC Sekuritas; PT Erdikha Elit Sekuritas; PT KB Valbury Sekuritas,pengembangan,lainnya,2720000000,"0,25",modal belanja,rupiah,221377027914,157838708681,238107032605,48182457349,15988609120,,105,25%,23%,64%,-8%,
BLES,PT Superior Prima Sukses Tbk,8 Jul 2024,Basic Materials,PT Lotus Andalan Sekuritas,pengembangan,lainnya,8890206400,"0,15",modal belanja,rupiah,1528735512291,776374455758,1363133590935,420876209806,,150951902406,183,34%,41%,15%,33%,
ISEA,PT Indo American Seafoods Tbk,8 Jul 2024,Consumer Non-Cyclicals,PT KB Valbury Sekuritas,pengembangan,lainnya,1390000000,"0,1318",modal kerja,rupiah,248490881601,223573155485,115907673120,32566961157,,345511105,250,25%,41%,-54%,-71%,
GOLF,PT Intra Golflink Resorts Tbk,8 Jul 2024,Consumer Cyclicals,PT KB Valbury Sekuritas; PT Samuel Sekuritas Indonesia; PT Semesta Indovest Sekuritas; PT Trimegah Sekuritas Indonesia Tbk,utama,lainnya,19486760000,"0,1001",modal belanja,rupiah,7764540357254,182797540719,177582018034,112442298222,,60176514048,200,35%,15%,8%,4%,
GUNA,PT Gunanusa Eramandiri Tbk,9 Jul 2024,Consumer Non-Cyclicals,PT Panin Sekuritas Tbk,pengembangan,lainnya,2500000000,"0,2",modal belanja,rupiah,1528735512291,776374455758,1363133590935,420876209806,,150951902406,150,35%,95%,104%,105%,
LABS,PT UBC Medical Indonesia Tbk,10 Jul 2024,Healthcare,PT Lotus Andalan Sekuritas,pengembangan,lainnya,3950000000,"0,1772",modal kerja,rupiah,160287232249,110927131469,136699123757,56064247469,6803611876,2189514903,135,1%,33%,-7%,1%,
DOSS,PT Global Sukses Digital Tbk,7 Aug 2024,Consumer Cyclicals,PT Samuel Sekuritas Indonesia,pengembangan,start up,1725000000,"0,2609",modal kerja,rupiah,166680806601,71416068850,39183529825,2698002148,5329299224,4704968777,135,35%,73%,44%,30%,
NEST,PT Esta Indonesia Tbk,8 Aug 2024,Consumer Non-Cyclicals,PT KGI Sekuritas Indonesia,pengembangan,lainnya,4112500000,"0,2",modal kerja,rupiah,316419234626,118195872866,81713958951,7144745717,5579368053,4271769764,200,35%,31%,51%,163%,
VERN,PT Verona Indah Pictures Tbk,8 Oct 2024,Consumer Cyclicals,PT UOB Kay Hian Sekuritas; PT UOB Kay Hian Sekuritas,pengembangan,lainnya,4765525000,"0,2354",modal kerja,rupiah,346233050329,34004996598,67096470588,16051361035,,8692560683,195,3%,4%,1%,-54%,
PTMR,PT Master Print Tbk,8 Oct 2024,Basic Materials,PT Profindo Sekuritas Indonesia,pengembangan,lainnya,1907000000,"0,2281",modal kerja,rupiah,93374827334,51909970082,26793959256,7008126355,,2291869698,128,7%,2%,0%,2%,
DAAZ,PT Daaz Bara Lestari Tbk,11 Nov 2024,Basic Materials,PT Henan Putihrai Sekuritas,utama,lainnya,1997000000,"0,1502",modal belanja,rupiah,3429904870332,2157052265337,2587399218318,206089398144,,84937130145,880,25%,203%,570%,,
BOAT,PT Newport Marine Services Tbk,12 Nov 2024,Energy,PT BRI Danareksa Sekuritas,pengembangan,lainnya,3501680000,"0,2857",bayar hutang,usd,534316933775,269712857425,48967808500,9618191025,5396438200,26565100,100,35%,33%,160%,,
NAIK,PT Adiwarna Anugerah Abadi Tbk,13 Nov 2024,Industrials,PT MNC Sekuritas,pengembangan,lainnya,3250000000,"0,2308",modal kerja,rupiah,179092784665,99421829705,67291878880,20774760592,12374090135,7747930601,107,35%,147%,122%,,
AADI,PT Adaro Andalan Indonesia Tbk,5 Dec 2024,Energy,PT Trimegah Sekuritas Indonesia Tbk,utama,lainnya,7786891760,"0,1",bayar hutang,usd,86140817490,42999869850,42118981905,12322062060,,14630470785,5550,20%,73%,41%,,
MDIY,PT Daya Intiguna Yasa Tbk,19 Dec 2024,Consumer Cyclicals,PT CIMB Niaga Sekuritas; PT Mandiri Sekuritas,utama,lainnya,25190392000,"0,1",bayar hutang,rupiah,4844461000000,2711986000000,3205757000000,1753507000000,747400000000,534215000000,1650,2%,8%,1%,,
YOII,PT Asuransi Digital Bersama Tbk,8 Jan 2025,Financials,PT Reliance Sekuritas Indonesia Tbk,pengembangan,start up,3424687500,"0,1203",modal kerja,rupiah,262049268000,95184184000,,137843163000,13288626000,15924202000,100,35%,9%,-12%,,
KSIX,PT Kentanix Supra International Tbk,8 Jan 2025,Properties & Real Estate,PT UOB Kay Hian Sekuritas,pengembangan,start up,2137831800,"0,15",modal kerja,rupiah,1220442325000,52719851000,126107915000,74241282000,,41466884000,452,25%,-31%,-52%,,
RATU,PT Raharja Energi Cepu Tbk,8 Jan 2025,Energy,PT Sucor Sekuritas; PT Henan Putihrai Sekuritas,pengembangan,lainnya,2715053800,"0,2",modal kerja,usd,819598642020,481453023010,452667478240,187503756450,,120425461780,1150,25%,202%,557%,,
BRRC,PT Raja Roti Cemerlang Tbk,9 Jan 2025,Consumer Non-Cyclicals,PT NH Korindo Sekuritas Indonesia,pengembangan,lainnya,971500000,"0,3001",modal kerja,rupiah,47568348659,27990918647,40950293938,7217766290,,658106357,210,25%,-20%,-72%,,
HGII,PT Hero Global Investment Tbk,9 Jan 2025,Infrastructures,PT OCBC Sekuritas Indonesia; PT UOB Kay Hian Sekuritas,pengembangan,lainnya,6500000000,"0,2",modal belanja,rupiah,727888896000,258316966000,56516437000,50842348000,40911070000,26307712000,200,6%,-3%,-6%,,
CBDK,PT Bangun Kosambi Sukses Tbk,13 Jan 2025,Properties & Real Estate,PT Trimegah Sekuritas Indonesia Tbk,utama,lainnya,5668944500,"0,1",ekspansi,rupiah,18156999226000,10014423809000,969407957000,561103130000,,479102365000,4060,25%,157%,83%,,
OBAT,PT Brigit Biofarmaka Teknologi Tbk,13 Jan 2025,Healthcare,PT OSO Sekuritas,pengembangan,start up,600000000,"0,2833",modal belanja,rupiah,52084891107,24611140994,54758628634,24080092169,14583577249,12644897342,350,25%,70%,77%,,
DGWG,PT Delta Giri Wacana Tbk,13 Jan 2025,Basic Materials,PT BRI Danareksa Sekuritas; PT Samuel Sekuritas Indonesia; PT Shinhan Sekuritas Indonesia,utama,lainnya,5882353000,"0,15",modal belanja,rupiah,1785175000000,1763413000000,1484892000000,408898000000,,32730000000,230,24%,26%,89%,,
MINE,PT Sinar Terang Mandiri Tbk,10 Mar 2025,Basic Materials,PT Trimegah Sekuritas Indonesia Tbk,utama,lainnya,4084435300,"0,15",modal belanja,rupiah,1505851000000,880325000000,1363379000000,354514000000,,225177000000,216,25%,126%,112%,,
KAQI,PT Jantra Grupo Indonesia Tbk,10 Mar 2025,Consumer Cyclicals,PT RHB Sekuritas Indonesia,pengembangan,start up,2075800000,"0,2168",ekspansi,rupiah,74129409370,14970480161,39106954374,30238007668,,7341462023,118,-10%,-47%,-58%,,
YUPI,PT Yupi Indo Jelly Gum Tbk,25 Mar 2025,Consumer Non-Cyclicals,PT CIMB Niaga Sekuritas; PT Mandiri Sekuritas,utama,lainnya,8544488700,"0,1",modal belanja,rupiah,2687403856284,581233838530,2410404654773,835135755979,586989258506,484252236380,2390,0%,-26%,-33%,,
FORE,PT Fore Kopi Indonesia Tbk,14 Apr 2025,Consumer Non-Cyclicals,PT Mandiri Sekuritas,pengembangan,start up,8918359270,"0,2108",ekspansi,rupiah,604784122580,381471184928,727371436460,446552550808,48125279761,42347424194,188,34%,97%,,,
MDLA,PT Medela Potentia Tbk,15 Apr 2025,Healthcare,PT Mandiri Sekuritas; PT Indo Premier Sekuritas,utama,lainnya,14012825000,"0,25",bayar hutang,rupiah,5693383000000,3576906000000,10786468000000,1015541000000,341011000000,252749000000,188,-1%,0%,,,