Ticker,Nama Perusahaan,Tanggal Listing,Sektor,Underwriter,Papan Pencatatan,Ownership,Listed Share,Persen Saham Ditawarkan,Rencana Penggunaan Dana IPO,Valuation Currency,Total Aset,Total Liabilitas,Pendapatan,Laba Kotor,Laba Operasional/ Laba Usaha,Laba Berjalan (Bukan Komperhensif),Harga Final,1D %,1W %,1M %,6M %,1Y %
UNIQ,PT Ulima Nitra Tbk,8 Mar 2021,Energy,PT Surya Fajar Sekuritas,utama,lainnya,"3.138.983.000,00","0,956",modal kerja,rupiah,"Rp539.673.000.000,00","Rp267.416.000.000,00","Rp270.926.000.000,00","Rp24.547.000.000,00","Rp4.980.000.000,00","-Rp5.617.000.000,00",118,35%,35%,5%,-25%,-30%
ARCI,PT Archi Indonesia Tbk,28 Jun 2021,Basic Materials,PT BNI Sekuritas; PT Mandiri Sekuritas; PT Citigroup Sekuritas Indonesia; PT Credit Suisse Sekuritas Indonesia; PT UOB Kay Hian Sekuritas,pengembangan,konglomerat,"24.835.000.000,00","0,15",bayar hutang,usd,"Rp9.084.012.672.200,00","Rp6.859.419.051.410,00","Rp4.960.331.667.490,00","Rp2.710.667.727.860,00","Rp2.639.655.773.520,00","Rp1.486.733.600.600,00",750,1%,0%,-8%,-27%,-54%
MASB,PT Bank Multiarta Sentosa Tbk,30 Jun 2021,Financials,PT BCA Sekuritas,pemantauan khusus,lainnya,"1.226.902.970,00","0,15",modal kerja,rupiah,"Rp21.537.936.008.109,00","Rp19.648.095.743.949,00","Rp1.212.226.156.911,00","Rp431.356.811.665,00","Rp168.895.687.141,00","Rp108.191.656.140,00",3.360,25%,3%,0%,5%,4%
BMHS,PT Bundamedik Tbk,6 Jul 2021,Healthcare,PT Ciptadana Sekuritas Asia,utama,konglomerat,"8.603.416.176,00","0,0726",bayar hutang,rupiah,"Rp2.162.536.834.465,00","Rp1.112.837.448.853,00","Rp1.148.144.381.712,00",,,"Rp118.460.085.776,00",340,25%,201%,203%,131%,74%
UVCR,PT Trimegah Karya Pratama Tbk,27 Jul 2021,Technology,PT Surya Fajar Sekuritas; PT Mirae Asset Sekuritas Indonesia; PT NH Korindo Sekuritas Indonesia,pengembangan,lainnya,"2.000.000.000,00","0,25",modal belanja,rupiah,"Rp45.197.327.857,00","Rp14.358.796.166,00","Rp194.486.719.895,00","Rp4.634.336.907,00",,"Rp543.491.609,00",100,10%,60%,374%,228%,43%
HAIS,PT Hasnur Internasional Shipping Tbk,1 Sep 2021,Transportation & Logistic,PT RHB Sekuritas Indonesia,pengembangan,konglomerat,"2.626.250.000,00","0,2",modal belanja,rupiah,"Rp384.296.394.278,00","Rp131.999.074.092,00","Rp77.773.818.670,00","Rp15.445.429.268,00","Rp8.613.025.964,00","Rp7.882.013.440,00",300,25%,-3%,-12%,-19%,-19%
OILS,PT Indo Oil Perkasa Tbk,6 Sep 2021,Consumer Non-Cyclicals,PT Korea Investment And Sekuritas Indonesia,pengembangan,lainnya,"454.000.000,00","0,3304",modal kerja,rupiah,"Rp73.083.000.000,00","Rp38.593.000.000,00","Rp119.915.000.000,00","Rp8.900.000.000,00",,"Rp2.415.000.000,00",270,24%,126%,22%,-7%,-18%
GPSO,PT Geoprima Solusi Tbk,6 Sep 2021,Industrials,PT Surya Fajar Sekuritas; PT NH Korindo Sekuritas Indonesia ,pengembangan,lainnya,"666.666.600,00","0,25",modal kerja,rupiah,"Rp65.683.598.000,00","Rp20.693.579.000,00","Rp1.949.418.000,00","Rp1.101.686,00","-Rp141.409.000,00","-Rp242.723.000,00",180,34%,4%,-3%,-41%,-32%
MCOL,PT Prima Andalan Mandiri Tbk,7 Sep 2021,Energy,PT Buana Capital Sekuritas,utama,lainnya,"3.555.560.000,00","0,1",modal belanja,usd,"Rp4.902.743.305.900,00","Rp2.421.583.089.788,00","Rp1.161.281.224.542,00","Rp498.701.086.150,00","Rp388.771.695.060,00","Rp300.482.939.900,00",1.420,10%,15%,23%,155%,393%
RUNS,PT Global Sukses Solusi Tbk,8 Sep 2021,Technology,PT BRI Danareksa Sekuritas; PT Mirae Asset Sekuritas Indonesia,akselerasi,start up,"983.557.875,00","0,2001",modal kerja,rupiah,"Rp35.362.158.125,00","Rp2.927.065.535,00","Rp176.194.433,00","Rp170.825.588,00",,"-Rp2.560.268.340,00",254,9%,58%,84%,-36%,-31%
CMNT,PT Cemindo Gemilang Tbk,8 Sep 2021,Basic Materials,PT Ciptadana Sekuritas Asia; PT UBS Sekuritas Indonesia; PT Mandiri Sekuritas,pengembangan,konglomerat,"17.125.504.000,00","0,1004",modal kerja,rupiah,"Rp17.645.282.000.000,00","Rp14.297.091.000.000,00","Rp6.433.419.000.000,00",,,"-Rp839.791.000.000,00",680,25%,20%,39%,55%,49%
RSGK,PT Kedoya Adyaraya Tbk,8 Sep 2021,Healthcare,PT Buana Capital Sekuritas,pengembangan,lainnya,"929.675.000,00","0,2",bayar hutang,rupiah,"Rp723.809.078.658,00","Rp211.437.756.035,00","Rp183.713.338.672,00","Rp80.875.105.704,00","Rp54.778.846.736,00","Rp37.483.477.810,00",1.720,25%,14%,-2%,-16%,-25%
SBMA,PT Surya Biru Murni Acetylene Tbk,8 Sep 2021,Basic Materials,PT KGI Sekuritas Indonesia,pengembangan,lainnya,"928.400.000,00","0,2999",modal belanja,rupiah,"Rp199.117.196.120,00","Rp48.863.814.619,00","Rp32.191.782.983,00","Rp14.916.939.307,00","Rp2.789.928.628,00","Rp272.938.091,00",180,34%,178%,143%,62%,24%
GTSI,PT GTS Internasional Tbk,8 Sep 2021,Energy,PT Reliance Sekuritas Indonesia Tbk,pemantauan khusus,lainnya,"15.819.142.767,00","0,1517",modal belanja,usd,"Rp1.418.203.167.756,00","Rp565.675.121.038,00","Rp113.600.457.054,00","Rp5.738.505.876,00","-Rp6.025.103.654,00","-Rp9.452.028.300,00",100,-7%,-22%,-26%,-43%,-36%
IDEA,PT Idea Indonesia Akademi Tbk,9 Sep 2021,Consumer Cyclicals,PT Indo Capital Sekuritas; PT Phillip Sekuritas Indonesia,akselerasi,lainnya,"1.062.437.500,00","0,2",modal kerja,rupiah,"Rp59.323.669.225,00","Rp22.339.743.189,00","Rp8.407.913.402,00","Rp7.238.586.138,00","Rp4.140.421.283,00","Rp2.645.858.968,00",140,10%,-11%,41%,-50%,-56%
KUAS,PT Ace Oldfields Tbk,25 Oct 2021,Industrials,PT NH Korindo Sekuritas Indonesia,pengembangan,lainnya,"1.292.570.540,00","0,3017",modal belanja,rupiah,"Rp210.769.773.947,00","Rp151.524.250.089,00","Rp42.163.719.743,00","Rp8.894.908.682,00",,"Rp1.527.911.869,00",195,34%,12%,22%,-62%,-65%
BOBA,PT Formosa Ingredient Factory Tbk,1 Nov 2021,Consumer Non-Cyclicals,PT Victoria Sekuritas Indonesia,pengembangan,lainnya,"1.155.750.000,00","0,1211",modal kerja,rupiah,"Rp104.186.987.597,00","Rp9.556.843.878,00","Rp46.703.489.538,00","Rp20.347.658.548,00","Rp14.472.728.396,00","Rp11.311.059.397,00",280,25%,10%,-11%,-30%,-31%
MTEL,PT Dayamitra Telekomunikasi Tbk,22 Nov 2021,Infrastructures,PT BRI Danareksa Sekuritas; PT Mandiri Sekuritas; PT Danasakti Sekuritas Indonesia; PT HSBC Sekuritas Indonesia; PT Investindo Nusantara Sekuritas; PT J.P. Morgan Sekuritas Indonesia; PT Morgan Stanley Sekuritas Indonesia; PT Panin Sekuritas Tbk; PT Samuel Sekuritas Indonesia; PT KB Valbury Sekuritas; PT Yulie Sekuritas Indonesia Tbk,pengembangan,bumn,"83.515.452.844,00","0,2763",modal belanja,rupiah,"Rp32.255.400.000.000,00","Rp18.571.500.000.000,00","Rp3.226.800.000.000,00","Rp1.585.700.000.000,00","Rp1.352.300.000.000,00","Rp700.700.000.000,00",800,-4%,-4%,-4%,-14%,-14%
BINO,PT Perma Plasindo Tbk,25 Nov 2021,Industrials,PT Semesta Indovest Sekuritas; PT Phillip Sekuritas Indonesia; PT Indo Capital Sekuritas,pengembangan,lainnya,"2.175.000.000,00","0,2",bayar hutang,rupiah,"Rp418.424.285.876,00","Rp139.634.220.246,00","Rp141.433.742.854,00","Rp43.816.053.442,00","Rp2.665.343.035,00","Rp1.469.730.259,00",138,21%,1%,3%,-4%,-5%
DEPO,PT Caturkarda Depo Bangunan Tbk,25 Nov 2021,Consumer Cyclicals,PT Mirae Asset Sekuritas Indonesia,pengembangan,lainnya,"6.790.000.000,00","0,1508",modal belanja,rupiah,"Rp1.211.745.239.327,00","Rp584.663.300.259,00","Rp1.167.419.270.902,00","Rp208.086.066.537,00",,"Rp47.142.228.011,00",482,24%,27%,1%,3%,-2%
WGSH,PT Wira Global Solusi Tbk.,6 Dec 2021,Technology,PT Shinhan Sekuritas Indonesia,akselerasi,start up,"1.042.500.000,00","0,2",modal kerja,rupiah,"Rp23.750.439.867,00","Rp2.323.307.736,00","Rp10.558.176.845,00","Rp5.794.358.207,00","Rp3.588.765.457,00","Rp1.832.046.461,00",140,10%,59%,15%,47%,9%
CMRY,PT Cisarua Mountain Dairy Tbk,6 Dec 2021,Consumer Non-Cyclicals,PT CLSA Sekuritas Indonesia; PT Mandiri Sekuritas; PT Panin Sekuritas Tbk,utama,lainnya,"7.934.683.000,00","0,15",modal belanja,rupiah,"Rp1.394.929.000.000,00","Rp692.990.000.000,00","Rp1.581.750.000.000,00","Rp757.422.000.000,00","Rp465.338.000.000,00","Rp364.502.000.000,00",3.080,11%,12%,8%,27%,44%
WMPP,PT Widodo Makmur Perkasa Tbk,6 Dec 2021,Consumer Non-Cyclicals,PT CIMB Niaga Sekuritas; PT Mirae Asset Sekuritas Indonesia; PT  Surya Fajar Sekuritas; PT Samuel Sekuritas Indonesia; PT KB Valbury Sekuritas; PT Yulie Sekuritas Indonesia Tbk; PT BRI Danareksa Sekuritas,pemantauan khusus,lainnya,"29.419.000.000,00","0,1502",modal kerja,rupiah,"Rp4.175.591.000.000,00","Rp2.609.760.000.000,00","Rp2.706.990.000.000,00","Rp385.665.000.000,00",,"Rp125.702.000.000,00",160,-1%,-6%,-5%,-23%,-26%
TAYS,PT Jaya Swarasa Agung Tbk,6 Dec 2021,Consumer Non-Cyclicals,PT NH Korindo Sekuritas Indonesia; PT KGI Sekuritas Indonesia,pengembangan,lainnya,"1.098.920.000,00","0,2187",modal belanja,rupiah,"Rp267.651.165.177,00","Rp216.646.565.010,00","Rp147.110.320.242,00","Rp34.097.099.675,00","Rp9.394.164.971,00","Rp2.667.603.151,00",360,-7%,-24%,-44%,-45%,94%
RMKE,PT RMK Energy Tbk,7 Dec 2021,Energy,PT Indo Capital Sekuritas; PT Victoria Sekuritas Indonesia; PT Erdikha Elit Sekuritas; PT Semesta Indovest Sekuritas; PT Phillip Sekuritas Indonesia,utama,lainnya,"4.375.000.000,00","0,2",bayar hutang,rupiah,"Rp1.172.107.535.512,00","Rp704.671.625.150,00","Rp413.690.084.495,00","Rp77.198.942.427,00","Rp64.496.533.063,00","Rp39.222.616.641,00",206,-3%,10%,10%,218%,356%
OBMD,PT OBM Drilchem Tbk,8 Dec 2021,Basic Materials,PT KGI Sekuritas Indonesia,pengembangan,lainnya,"732.000.000,00","0,2486",modal kerja,rupiah,"Rp70.367.134.356,00","Rp0,00","Rp46.878.911.585,00","Rp42.922.454.121,00","Rp4.986.559.019,00","Rp2.629.436.113,00",180,-7%,-22%,-31%,-24%,11%
AVIA,PT Avia Avian Tbk,8 Dec 2021,Basic Materials,PT Mandiri Sekuritas; PT Morgan Stanley Sekuritas Indonesia; PT UBS Sekuritas Indonesia; PT Credit Suisse Sekuritas Indonesia; PT Danasakti Sekuritas Indonesia; PT Trimegah Sekuritas Indonesia Tbk,utama,lainnya,"61.953.555.600,00","0,1001",modal kerja,rupiah,"Rp6.140.225.000.000,00","Rp2.903.252.000.000,00","Rp2.702.089.000.000,00","Rp1.189.636.000.000,00","Rp751.849.000.000,00","Rp603.460.000.000,00",930,-7%,-5%,-2%,-16%,-22%
IPPE,PT Indo Pureco Pratama Tbk,9 Dec 2021,Consumer Non-Cyclicals,PT KGI Sekuritas Indonesia; PT Mirae Asset Sekuritas Indonesia,pemantauan khusus,lainnya,"4.600.000.000,00","0,2174",modal belanja,rupiah,"Rp187.927.112.000,00","Rp4.512.576.000,00","Rp17.770.838.000,00","Rp4.520.546.000,00",,"Rp1.868.854.000,00",100,35%,114%,98%,140%,65%
NASI,PT Wahana Inti Makmur Tbk,13 Dec 2021,Consumer Non-Cyclicals,PT UOB Kay Hian Sekuritas,pengembangan,lainnya,"807.400.000,00","0,2477",modal kerja,rupiah,"Rp44.016.000.000,00","Rp12.879.000.000,00","Rp22.578.000.000,00","Rp4.933.000.000,00",,"Rp363.000.000,00",155,34%,39%,154%,127%,-39%
BSML,PT Bintang Samudera Mandiri Lines Tbk,16 Dec 2021,Energy,PT Danatama Makmur Sekuritas,pengembangan,lainnya,"1.850.225.000,00","0,2",modal kerja,rupiah,"Rp212.952.722.027,00","Rp158.237.466.609,00","Rp29.289.955.455,00","Rp8.089.193.133,00","Rp6.647.341.976,00","Rp3.531.401.645,00",117,34%,12%,247%,695%,266%
DRMA,PT Dharma Polimetal Tbk,20 Dec 2021,Consumer Cyclicals,PT CIMB Niaga Sekuritas; PT Sucor Sekuritas; PT MNC Sekuritas,utama,konglomerat,"4.705.882.300,00","0,15",modal belanja,rupiah,"Rp1.959.883.273.545,00","Rp1.322.354.230.735,00","Rp1.306.641.259.556,00","Rp200.498.064.576,00","Rp155.186.829.326,00","Rp100.099.350.834,00",500,-1%,5%,27%,21%,20%
ADMR,PT Adaro Minerals Indonesia Tbk,3 Jan 2022,Energy,PT Ciptadana Sekuritas Asia,utama,konglomerat,"40.882.331.500,00","0,15",modal belanja,usd,"Rp11.577.042.743.825,00","Rp10.877.013.888.100,00","Rp2.949.554.645.075,00","Rp1.152.638.315.275,00",,"Rp642.232.378.475,00",100,35%,280%,1085%,1525%,1580%
SEMA,PT Semacom Integrated Tbk,10 Jan 2022,Energy,PT NH Korindo Sekuritas Indonesia,pengembangan,lainnya,"1.347.000.000,00","0,2576",modal kerja,rupiah,"Rp146.957.784.238,00","Rp84.122.225.649,00","Rp60.908.982.311,00","Rp19.362.247.071,00",,"Rp4.959.696.897,00",180,34%,34%,53%,12%,-18%
ASLC,PT Autopedia Sukses Lestari Tbk,25 Jan 2022,Consumer Cyclicals,PT Ciptadana Sekuritas Asia; PT Trimegah Sekuritas Indonesia Tbk,pengembangan,konglomerat,"12.746.354.780,00","0,2",modal kerja,rupiah,"Rp430.825.993.000,00","Rp162.367.765.000,00","Rp135.281.481.000,00","Rp114.187.859.000,00",,"Rp23.065.650.000,00",256,25%,13%,2%,-30%,-64%
NETV,PT Net Visi Media Tbk,26 Jan 2022,Consumer Cyclicals,PT NH Korindo Sekuritas Indonesia,pengembangan,konglomerat,"23.453.177.240,00","0,0437",bayar hutang,rupiah,"Rp1.716.376.000.000,00","Rp1.692.634.000.000,00","Rp282.937.000.000,00","Rp95.764.000.000,00",,"-Rp121.081.000.000,00",196,35%,227%,160%,42%,1%
BAUT,PT Mitra Angkasa Sejahtera Tbk,28 Jan 2022,Consumer Cyclicals,PT UOB Kay Hian Sekuritas,pemantauan khusus,lainnya,"4.800.000.000,00","0,3021",modal kerja,rupiah,"Rp85.091.000.000,00","Rp38.393.000.000,00","Rp66.796.000.000,00","Rp12.857.000.000,00","Rp6.537.000.000,00","Rp5.339.000.000,00",100,35%,114%,44%,-50%,-50%
ENAK,PT Champ Resto Indonesia Tbk,8 Feb 2022,Consumer Cyclicals,PT UOB Kay Hian Sekuritas,pengembangan,lainnya,"2.166.666.800,00","0,2",bayar hutang,rupiah,"Rp609.399.000.000,00","Rp528.411.000.000,00","Rp672.799.000.000,00","Rp409.361.000.000,00","-Rp26.526.000.000,00","-Rp53.088.000.000,00",850,-3%,-13%,-6%,122%,44%
NTBK,PT Nusatama Berkah Tbk,9 Feb 2022,Industrials,PT Danatama Makmur Sekuritas; PT Surya Fajar Sekuritas,pengembangan,lainnya,"2.700.000.000,00","0,2593",modal kerja,rupiah,"Rp61.246.718.968,00","Rp37.677.608.536,00","Rp39.326.661.671,00","Rp5.743.735.643,00","Rp1.617.521.770,00","Rp443.255.179,00",100,35%,3%,-33%,-50%,-50%
ADCP,PT Adhi Commuter Properti Tbk,23 Feb 2022,Properties & Real Estate,PT CIMB Niaga Sekuritas; PT Mirae Asset Sekuritas Indonesia; PT Maybank Sekuritas Indonesia; PT Sucor Sekuritas; PT Indosurya Bersinar Sekuritas; PT Panin Sekuritas Tbk; PT Yulie Sekuritas Indonesia Tbk,pengembangan,bumn,"22.222.222.200,00","0,1",modal kerja,rupiah,"Rp5.503.977.130.274,00","Rp3.492.992.065.434,00","Rp268.129.379.428,00","Rp58.848.208.615,00",,"Rp42.649.456.178,00",130,-6%,-28%,-28%,-42%,-49%
SMKM,PT Sumber Mas Konstruksi Tbk,9 Mar 2022,Infrastructures,PT Erdikha Elit Sekuritas,akselerasi,lainnya,"1.253.000.000,00","0,1995",modal kerja,rupiah,"Rp132.241.511.058,00","Rp7.047.570.299,00","Rp126.611.879.577,00","Rp19.963.020.305,00","Rp14.360.732.509,00","Rp12.289.306.791,00",264,-10%,-33%,-2%,-7%,213%
NANO,PT Nanotech Indonesia Global Tbk,10 Mar 2022,Consumer Non-Cyclicals,PT UOB Kay Hian Sekuritas,akselerasi,start up,"4.285.000.000,00","0,2999",modal belanja,rupiah,"Rp42.464.000.000,00","Rp3.439.000.000,00","Rp18.213.000.000,00","Rp7.561.000.000,00","Rp2.761.000.000,00","Rp2.435.000.000,00",100,10%,60%,-11%,-49%,-74%
STAA,PT Sumber Tani Agung Resources Tbk,10 Mar 2022,Consumer Non-Cyclicals,PT CIMB Niaga Sekuritas; PT DBS Vickers Sekuritas Indonesia,utama,lainnya,"10.903.372.600,00","0,0806",modal belanja,rupiah,"Rp5.689.045.000.000,00","Rp2.779.746.000.000,00","Rp4.179.739.000.000,00","Rp1.639.960.000.000,00","Rp1.152.753.000.000,00","Rp804.524.000.000,00",600,25%,36%,52%,93%,67%
BIKE,PT Sepeda Bersama Indonesia Tbk,21 Mar 2022,Consumer Cyclicals,PT Trimegah Sekuritas Indonesia Tbk; PT Mirae Asset Sekuritas Indonesia; PT NH Korindo Sekuritas Indonesia,pengembangan,lainnya,"1.293.334.000,00","0,25",modal kerja,rupiah,"Rp124.779.452.000,00","Rp75.005.840.000,00","Rp122.939.629.000,00","Rp32.574.485.000,00","Rp29.387.548.000,00","Rp20.266.419,00",170,34%,38%,1%,41%,22%
WIRG,PT WIR ASIA Tbk,4 Apr 2022,Technology,PT Ciptadana Sekuritas Asia,pengembangan,start up,"11.919.159.000,00","0,2",modal belanja,rupiah,"Rp302.486.839.783,00","Rp159.180.815.809,00","Rp554.516.884.766,00",,,"Rp17.298.330.302,00",168,35%,227%,555%,152%,-11%
SICO,PT Sigma Energy Compressindo Tbk,8 Apr 2022,Energy,PT NH Korindo Sekuritas Indonesia,pengembangan,lainnya,"910.000.000,00","0,2967",ekspansi,rupiah,"Rp70.744.423.891.000,00","Rp29.927.805.970,00","Rp55.027.724.413,00","Rp24.321.508.093,00","Rp10.764.685.204,00","Rp6.841.129.544,00",230,10%,-16%,-32%,-21%,-40%
GOTO,PT GoTo Gojek Tokopedia Tbk,11 Apr 2022,Technology,PT Indo Premier Sekuritas; PT Mandiri Sekuritas; PT Trimegah Sekuritas Indonesia Tbk; PT Nilai Inti Sekuritas; PT CIMB Niaga Sekuritas; PT Credit Suisse Sekuritas Indonesia; PT CLSA Sekuritas Indonesia; PT Deutsche Sekuritas Indonesia; PT Aldiracita Sekuritas Indonesia; PT BNI Sekuritas; PT Panin Sekuritas Tbk; PT Sucor Sekuritas; PT KB Valbury Sekuritas,ekonomi baru,start up,"1.184.363.929.502,00","0,0343",modal kerja,rupiah,"Rp148.212.737.000.000,00","Rp17.689.821.000.000,00",,"Rp6.898.495.000.000,00",,"-Rp8.169.471.000.000,00",338,13%,12%,-30%,-28%,-72%
TLDN,PT Teladan Prima Agro Tbk,12 Apr 2022,Consumer Non-Cyclicals,PT BNI Sekuritas; PT CIMB Niaga Sekuritas,pengembangan,lainnya,"12.946.530.200,00","0,04",bayar hutang,rupiah,"Rp4.848.343.600.000,00","Rp3.762.116.686.000,00","Rp2.042.137.266.000,00","Rp762.960.078.000,00","Rp572.916.773.000,00","Rp268.775.711.000,00",580,6%,1%,17%,0%,-14%
MTMH,PT Murni Sadar Tbk,20 Apr 2022,Healthcare,PT BCA Sekuritas; PT Ciptadana Sekuritas Asia,utama,lainnya,"2.068.526.950,00","0,1228",modal kerja,rupiah,"Rp1.387.771.708.100,00","Rp636.357.455.384,00","Rp848.370.392.530,00","Rp395.322.611.260,00",,"Rp122.196.565.386,00",1.280,25%,21%,27%,51%,18%
WINR,PT Winner Nusantara Jaya Tbk,25 Apr 2022,Properties & Real Estate,PT Aartha Sekuritas Indonesia; PT Mirae Asset Sekuritas Indonesia; PT Panca Global Sekuritas; PT Yuanta Sekuritas Indonesia,pemantauan khusus,lainnya,"5.235.200.000,00","0,2865",modal belanja,rupiah,"Rp253.379.000.000,00","Rp78.742.000.000,00","Rp20.218.000.000,00","Rp9.498.000.000,00","Rp5.265.000.000,00","Rp106.635.000.000,00",100,35%,112%,76%,-50%,-50%
IBOS,PT Indo Boga Sukses Tbk,25 Apr 2022,Consumer Non-Cyclicals,PT NH Korindo Sekuritas Indonesia; PT Surya Fajar Sekuritas,akselerasi,lainnya,"8.036.800.000,00","0,2",modal kerja,rupiah,"Rp209.619.788.219,00","Rp37.999.197.769,00","Rp67.342.297.564,00","Rp30.034.009.045,00",,"Rp8.670.385.398,00",100,10%,18%,21%,-8%,152%
OLIV,PT Oscar Mitra Sukses Sejahtera Tbk,17 May 2022,Consumer Cyclicals,PT Danatama Makmur Sekuritas,akselerasi,lainnya,"1.900.000.000,00","0,211",modal kerja,rupiah,"Rp29.068.489.770,00","Rp12.287.566.871,00","Rp39.387.315.515,00","Rp8.151.207.168,00","Rp1.026.371.426,00","Rp525.081.615,00",100,1%,0%,1%,-70%,-79%
ASHA,PT Cilacap Samudera Fishing Industry Tbk,27 May 2022,Consumer Non-Cyclicals,PT KGI Sekuritas Indonesia; PT Korea Investment And Sekuritas Indonesia,pemantauan khusus,lainnya,"5.000.000.000,00","0,25",modal kerja,rupiah,"Rp111.776.681.567,00","Rp33.122.743.723,00","Rp168.406.160.863,00","Rp21.196.194.407,00","Rp1.244.714.516,00","Rp894.947.985,00",100,35%,280%,86%,35%,-4%
SWID,PT Saraswanti Indoland Development Tbk,7 Jul 2022,Properties & Real Estate,PT Shinhan Sekuritas Indonesia,pengembangan,konglomerat,"5.385.000.000,00","0,0631",modal kerja,rupiah,"Rp266.575.203.347,00","Rp143.767.141.358,00","Rp127.278.539.926,00","Rp64.695.066.120,00","Rp33.367.159.881,00","Rp20.437.980.109,00",200,8%,-19%,-28%,-50%,-60%
TRGU,PT Cerestar Indonesia Tbk,8 Jul 2022,Consumer Non-Cyclicals,PT Semesta Indovest Sekuritas,utama,lainnya,"7.945.412.700,00","0,1887",modal belanja,rupiah,"Rp1.981.063.656.588,00","Rp1.310.302.680.834,00","Rp3.420.557.279.845,00","Rp270.312.076.702,00",,"Rp26.802.289.013,00",210,25%,124%,62%,5%,2%
CHEM,PT Chemstar Indonesia Tbk,8 Jul 2022,Basic Materials,PT NH Korindo Sekuritas Indonesia,pengembangan,lainnya,"1.700.000.000,00","0,2941",modal kerja,rupiah,"Rp90.598.393.183,00","Rp48.497.676.787,00","Rp89.623.687.082,00","Rp35.214.484.287,00",,"Rp12.900.178.620,00",150,3%,-17%,-18%,-6%,-29%
ARKO,PT Arkora Hydro Tbk.,8 Jul 2022,Infrastructures,PT Lotus Andalan Sekuritas; PT Mirae Asset Sekuritas Indonesia,pengembangan,lainnya,"2.928.495.000,00","0,2",modal kerja,rupiah,"Rp689.020.985.000,00","Rp518.718.941.000,00","Rp198.393.420.000,00","Rp109.760.980.000,00",,"Rp49.511.454.000,00",300,-7%,5%,98%,88%,113%
DEWI,PT Dewi Shri Farmindo Tbk,18 Jul 2022,Consumer Non-Cyclicals,PT KGI Sekuritas Indonesia; PT Binaartha Sekuritas,pengembangan,lainnya,"2.000.000.000,00","0,35",ekspansi,rupiah,"Rp85.111.029.983,00","Rp12.782.310.197,00","Rp23.399.285.941,00","Rp2.923.806.089,00","Rp1.656.001.510,00","Rp1.415.737.946,00",100,35%,48%,78%,124%,-32%
AXIO,PT Tera Data Indonusa Tbk,20 Jul 2022,Technology,PT BNI Sekuritas; PT CIMB Niaga Sekuritas,pengembangan,lainnya,"5.840.126.500,00","0,1781",modal kerja,rupiah,"Rp712.498.000.000,00","Rp442.568.000.000,00","Rp132.847.000.000,00","Rp22.730.000.000,00","Rp6.881.000.000,00","Rp2.912.000.000,00",140,35%,54%,103%,43%,-4%
KRYA,PT Bangun Karya Perkasa Jaya Tbk,25 Jul 2022,Infrastructures,PT Indo Capital Sekuritas,pengembangan,lainnya,"1.625.000.000,00","0,2",modal kerja,rupiah,"Rp133.071.996.978,00","Rp80.031.199.636,00","Rp37.567.947.019,00","Rp8.094.704.969,00","Rp4.977.888.678,00","Rp3.539.816.911,00",125,-6%,-18%,73%,196%,-35%
HATM,PT Habco Trans Maritima Tbk,26 Jul 2022,Transportation & Logistic,PT NH Korindo Sekuritas Indonesia,utama,lainnya,"7.000.000.000,00","0,1665",modal belanja,rupiah,"Rp418.483.749.884,00","Rp61.033.273.330,00","Rp74.593.925.150,00","Rp25.261.063.483,00","Rp22.426.517.475,00","Rp22.345.603.643,00",160,2%,18%,181%,81%,33%
RCCC,PT Utama Radar Cahaya Tbk,2 Aug 2022,Transportation & Logistic,PT Elit Sukses Sekuritas,akselerasi,lainnya,"750.000.000,00","0,2",modal belanja,rupiah,"Rp21.840.134.064,00","Rp4.427.662.163,00","Rp3.738.111.018,00","Rp1.119.103.623,00",,"Rp494.573.169,00",135,-10%,6%,-15%,-1%,13%
GULA,PT Aman Agrindo Tbk,3 Aug 2022,Consumer Non-Cyclicals,PT UOB Kay Hian Sekuritas,pengembangan,lainnya,"1.070.362.500,00","0,2",modal belanja,rupiah,"Rp140.692.000.000,00","Rp45.365.000.000,00","Rp55.230.000.000,00","Rp5.425.000.000,00",,"Rp1.740.000.000,00",250,2%,-9%,-16%,78%,34%
AMMS,PT Agung Menjangan Mas Tbk,4 Aug 2022,Consumer Non-Cyclicals,PT Indo Capital Sekuritas,akselerasi,lainnya,"1.200.000.000,00","0,2",modal kerja,rupiah,48.423.025.720,1.988.807.959,1.920.384.057,1.150.493.600,295.661.077,-301.351.432,100,5%,8%,35%,-59%,-63%
JARR,PT Jhonlin Agro Raya Tbk,4 Aug 2022,Consumer Non-Cyclicals,PT Investindo Nusantara Sekuritas; PT Panca Global Sekuritas; PT Binaartha Sekuritas; PT Lotus Andalan Sekuritas,utama,konglomerat,"8.000.000.000,00","0,1529",modal kerja,rupiah,33.321.031.000.000,2.486.610.000.000,1.303.061.000.000,128.950.000.000,-111.223.000.000,-80.270.000.000,300,25%,68%,46%,-8%,-39%
RAFI,PT Sari Kreasi Boga Tbk,5 Aug 2022,Consumer Cyclicals,PT Investindo Nusantara Sekuritas; PT KB Valbury Sekuritas,pemantauan khusus,lainnya,"3.020.290.000,00","0,3031",modal kerja,rupiah,80.965.554.693,28.142.205.850,32.454.034.913,9.655.464.978,6.461.406.781,5.129.672.532,126,35%,39%,84%,-8%,-49%
ELPI,PT Pelayaran Nasional Ekalya Purnamasari Tbk,8 Aug 2022,Transportation & Logistic,PT Trimegah Sekuritas Indonesia Tbk,utama,lainnya,"7.412.000.000,00","0,15",modal belanja,rupiah,1.644.418.000.000,279.414.000.000,126.398.000.000,36.363.000.000,,26.130.000.000,200,35%,37%,14%,3%,16%
KKES,PT Kusuma Kemindo Sentosa Tbk,8 Aug 2022,Basic Materials,PT Mirae Asset Sekuritas Indonesia,pemantauan khusus,lainnya,"1.500.000.000,00","0,2",modal kerja,rupiah,119.211.550.660,83.976.875.365,62.369.570.267,13.093.364.439,,-3.869.952.332,105,21%,13%,62%,-10%,-49%
EURO,PT Estee Gold Feet Tbk,8 Aug 2022,Consumer Non-Cyclicals,PT Danatama Makmur Sekuritas,pengembangan,lainnya,"2.500.000.000,00","0,2",modal kerja,rupiah,21.664.481.000,6.090.145.000,24.878.124.000,8.904.939.000,4.240.241.000,3.823.840.000,70,0%,0%,0%,417%,217%
MORA,PT Mora Telematika Indonesia Tbk,8 Aug 2022,Infrastructures,PT BNI Sekuritas; PT Sucor Sekuritas,pengembangan,lainnya,"23.646.668.691,00","0,1068",ekspansi,rupiah,14.414.890.494.965,9.670.574.478.945,1.026.069.255.358,661.272.474.583,421.749.269.069,183.619.439.119,396,25%,46%,48%,10%,18%
TOOL,PT Rohartindo Nusantara Luas Tbk,9 Aug 2022,Consumer Cyclicals,PT Mirae Asset Sekuritas Indonesia,pengembangan,lainnya,"2.050.000.000,00","0,2",modal belanja,rupiah,134.793.372.381,32.596.983.842,20.698.125.655,8.364.811.411,4.063.068.603,3.463.976.118,127,35%,9%,-14%,-41%,-54%
KLIN,PT Klinko Karya Imaji Tbk,9 Aug 2022,Consumer Cyclicals,PT Elit Sukses Sekuritas,akselerasi,lainnya,"1.307.500.000,00","0,1759",ekspansi,rupiah,27.123.688.735,12.428.756.058,1.308.992.531,388.901.911,69.231.807,61.964.873,100,-10%,-26%,-44%,-69%,-54%
BUAH,PT Segar Kumala Indonesia Tbk,9 Aug 2022,Consumer Non-Cyclicals,PT Reliance Sekuritas Indonesia Tbk,pengembangan,lainnya,"1.000.000.000,00","0,2",modal kerja,rupiah,275.985.700.606,209.414.674.561,280.332.421.251,26.666.886.003,11.089.217.932,,388,25%,20%,61%,178%,272%
MEDS,PT Hetzer Medical Indonesia Tbk,10 Aug 2022,Healthcare,PT Wanteg Sekuritas,pengembangan,lainnya,"1.562.500.000,00","0,2",modal belanja,rupiah,51.305.204.186,16.112.021.805,13.038.190.545,7.404.692.881,,2.729.745.532,125,34%,127%,114%,0%,-38%
CRAB,PT Toba Surimi Industries Tbk,10 Aug 2022,Consumer Non-Cyclicals,PT KGI Sekuritas Indonesia,pengembangan,lainnya,"1.950.000.000,00","0,2",modal kerja,rupiah,363.551.645.433,247.296.617.893,135.592.898.735,17.387.464.788,6.084.199.642,2.926.421.615,150,35%,56%,59%,41%,59%
COAL,PT Black Diamond Resources Tbk,7 Sep 2022,Energy,PT  Surya Fajar Sekuritas,pemantauan khusus,lainnya,"6.250.000.000,00","0,2",modal kerja,rupiah,368.114.111.000,249.576.736.000.000,95.530.761.000,49.028.909.000,,43.301.731.000,100,35%,280%,354%,36%,-45%
PRAY,PT Famon Awal Bros Sedaya Tbk,8 Nov 2022,Healthcare,PT Indo Premier Sekuritas,pengembangan,lainnya,"13.959.422.300,00","0,0217",ekspansi,rupiah,3.722.940.000.000,1.337.535.000.000,481.200.000.000,117.014.000.000,36.048.000.000,20.276.000.000,900,-1%,-16%,-18%,-19%,-23%
OMED,PT Jayamas Medica Industri Tbk,8 Nov 2022,Healthcare,PT CLSA Sekuritas Indonesia; PT CIMB Niaga Sekuritas; PT Ciptadana Sekuritas Asia,utama,lainnya,"27.058.850.000,00","0,15",modal belanja,rupiah,1.449.091.000.000,363.751.000.000,666.684.000.000,,,88.918.000.000,204,24%,26%,17%,-3%,3%
BELI,PT Global Digital Niaga Tbk,8 Nov 2022,Technology,PT BCA Sekuritas; PT BRI Danareksa Sekuritas; PT DBS Vickers Sekuritas Indonesia; PT Morgan Stanley Sekuritas Indonesia; PT Credit Suisse Sekuritas Indonesia; PT Mandiri Sekuritas; PT BNI Sekuritas; PT Indo Premier Sekuritas; PT KB Valbury Sekuritas; PT Yulie Sekuritas Indonesia Tbk; PT Danasakti Sekuritas Indonesia,ekonomi baru,konglomerat,"118.474.705.740,00","0,15",modal kerja,rupiah,16.866.734.000.000,8.701.959.000.000,6.711.741.000.000,-560.757.000.000,-2.415.073.000.000,-2.502.326.000.000,450,0%,5%,6%,1%,4%
BSBK,PT Wulandari Bangun Laksana Tbk,8 Nov 2022,Properties & Real Estate,PT KGI Sekuritas Indonesia; PT Panca Global Sekuritas; PT Yuanta Sekuritas Indonesia; PT Aartha Sekuritas Indonesia,pengembangan,lainnya,"22.750.000.000,00","0,1209",modal kerja,rupiah,2.264.980.000.000,1.116.300.000.000,55.906.000.000,38.950.000.000,14.557.000.000,-1.943.000.000,100,35%,170%,140%,-50%,-50%
CBUT,PT Citra Borneo Utama Tbk,8 Nov 2022,Consumer Non-Cyclicals,PT BRI Danareksa Sekuritas; PT Maybank Sekuritas Indonesia; PT Mirae Asset Sekuritas Indonesia; PT UOB Kay Hian Sekuritas,pengembangan,konglomerat,"3.125.000.000,00","0,2",ekspansi,rupiah,2.451.812.000.000,2.293.824.000.000,4.709.101.000.000,-922.141.000.000,-116.060.000.000,-59.633.000.000,690,25%,21%,88%,180%,197%
MKTR,PT Menthobi Karyatama Raya Tbk,8 Nov 2022,Consumer Non-Cyclicals,PT Danatama Makmur Sekuritas; PT KB Valbury Sekuritas; PT Wanteg Sekuritas,utama,konglomerat,"12.000.000.000,00","0,2083",ekspansi,rupiah,672.184.221.000,460.311.882.000,466.973.349.000,80.739.758.000,55.222.214.000,26.304.647.000,120,8%,9%,4%,73%,3%
KDTN,PT Puri Sentul Permai Tbk,9 Nov 2022,Consumer Cyclicals,PT Victoria Sekuritas Indonesia,pengembangan,lainnya,"1.250.000.000,00","0,2",ekspansi,rupiah,45.367.912.371,15.230.430.759,11.720.717.966,5.926.169.192,1.777.583.512,1.024.168.625,150,26%,7%,-8%,-10%,-30%
PDPP,PT Primadaya Plastisindo Tbk,9 Nov 2022,Basic Materials,PT Semesta Indovest Sekuritas,utama,lainnya,"2.500.000.000,00","0,2",ekspansi,rupiah,389.732.810.685,137.488.961.753,144.718.541.316,28.841.176.832,16.707.603.700,11.960.963.379,200,35%,16%,1%,45%,56%
ZATA,PT Bersama Zatta Jaya Tbk,10 Nov 2022,Consumer Cyclicals,PT UOB Kay Hian Sekuritas,pemantauan khusus,lainnya,"8.496.000.000,00","0,2001",ekspansi,rupiah,559.100.000.000,209.941.000.000,143.262.000.000,56.768.000.000,,-7.613.000.000,100,35%,182%,31%,-50%,-50%
KETR,PT Ketrosden Triasmitra Tbk,10 Nov 2022,Infrastructures,PT Shinhan Sekuritas Indonesia,pengembangan,lainnya,"2.841.262.838,00","0,15",modal kerja,rupiah,1.418.281.973.953,720.333.916.496,161.712.083.774,95.038.769.033,55.521.935.461,28.154.823.508,300,7%,-6%,-25%,-39%,-23%
NINE,PT Techno9 Indonesia Tbk,5 Dec 2022,Technology,PT Victoria Sekuritas Indonesia; PT Elit Sukses Sekuritas,akselerasi,start up,"2.157.000.000,00","0,2003",modal kerja,rupiah,23.161.016.471,6.706.528.196,12.635.154.569,3.943.098.463,2.021.283.235,-1.333.301.977,75,-8%,-37%,-39%,-59%,-87%
MMIX,PT Multi Medika Internasional Tbk,6 Dec 2022,Healthcare,PT Mirae Asset Sekuritas Indonesia,pengembangan,lainnya,"2.400.000.000,00","0,25",modal kerja,rupiah,82.607.739.211,32.468.867.450,82.128.810.016,52.134.119.839,,19.752.857.765,190,35%,27%,71%,29%,-11%
PADA,PT Personel Alih Daya Tbk,8 Dec 2022,Industrials,PT UOB Kay Hian Sekuritas; PT Erdikha Elit Sekuritas,pemantauan khusus,lainnya,"3.150.000.000,00","0,2857",modal kerja,rupiah,237.418.410.476,185.909.894.625,453.496.454.066,26.291.520.919,8.413.369.770,-2.375.473.564,100,10%,10%,144%,-19%,-50%
ISAP,PT Isra Presisi Indonesia Tbk,9 Dec 2022,Consumer Cyclicals,PT UOB Kay Hian Sekuritas,akselerasi,lainnya,"4.020.000.000,00","0,3731",modal kerja,rupiah,42.481.000.000,15.136.000.000,9.685.000.000,3.388.000.000,1.968.000.000,-17.490.000.000,96,-9%,-26%,17%,-69%,-89%
VTNY,PT Venteny Fortuna International Tbk,15 Dec 2022,Financials,PT BRI Danareksa Sekuritas; PT Surya Fajar Sekuritas; PT Mirae Asset Sekuritas Indonesia; PT Mega Capital Sekuritas,pengembangan,start up,"6.265.193.445,00","0,15",ekspansi,rupiah,354.525.803.654,273.890.699.251,29.205.224.272,10.982.081.910,,3.778.232.736,360,10%,12%,18%,1%,-27%
BEER,PT Jobubu Jarum Minahasa Tbk,6 Jan 2023,Consumer Non-Cyclicals,PT UOB Kay Hian Sekuritas,pengembangan,lainnya,"4.000.000.000,00","0,2",modal kerja,rupiah,61.270.561.863,15.192.857.961,54.901.084.237,22.782.242.271,,-11.058.064.724,220,17%,25%,66%,54%,30%
SOUL,PT Mitra Tirta Buwana Tbk,6 Jan 2023,Consumer Non-Cyclicals,PT Shinhan Sekuritas Indonesia; PT Wanteg Sekuritas,akselerasi,lainnya,"1.082.500.000,00","0,2494",modal kerja,rupiah,18.746.882.985,2.007.337.392,2.588.362.641,1.536.026.818,-394.277.718,242.945.846,110,-10%,-36%,-59%,-78%,-80%
ELIT,PT Data Sinergitama Jaya Tbk,6 Jan 2023,Technology,PT NH Korindo Sekuritas Indonesia,pengembangan,start up,"2.031.456.532,00","0,2461",modal belanja,rupiah,97.684.321.709,44.857.213.259,136.513.142.359,37.212.135.288,,7.561.016.833,120,-7%,41%,13%,10%,-24%
CBPE,PT Citra Buana Prasida Tbk,6 Jan 2023,Properties & Real Estate,PT Panin Sekuritas Tbk,pengembangan,lainnya,"1.356.250.000,00","0,2",ekspansi,rupiah,199.871.396.625,68.017.694.848,19.262.541.781,15.262.609.325,7.453.253.017,,150,-1%,19%,-1%,-11%,-14%
SUNI,PT Sunindo Pratama Tbk,9 Jan 2023,Energy,PT UOB Kay Hian Sekuritas,utama,lainnya,"2.500.000.000,00","0,24",bayar hutang,rupiah,465.893.473.563,123.726.044.271,245.080.231.988,66.733.837.251,,,300,0%,1%,-1%,-7%,23%
CBRE,PT Cakra Buana Resources Energi Tbk,9 Jan 2023,Energy,PT RHB Sekuritas Indonesia; PT KGI Sekuritas Indonesia,pemantauan khusus,lainnya,"4.538.000.000,00","0,1626",modal kerja,rupiah,99.682.594.325,13.220.496.026,12.071.666.666,-5.721.486.216,-2.774.701.298,2.629.841.298,108,34%,47%,-17%,-54%,-54%
WINE,PT Hatten Bali Tbk,10 Jan 2023,Consumer Non-Cyclicals,PT NH Korindo Sekuritas Indonesia,pengembangan,lainnya,"2.710.000.000,00","0,2502",modal belanja,rupiah,307.073.919.122,178.058.556.374,64.211.861.658,31.724.886.167,-6.264.357.040,-4.722.626.260,129,35%,134%,185%,357%,213%
BMBL,PT Lavender Bina Cendikia Tbk,11 Jan 2023,Consumer Cyclicals,PT Mirae Asset Sekuritas Indonesia; PT KGI Sekuritas Indonesia,akselerasi,lainnya,"1.030.000.000,00","0,2719",bayar hutang,rupiah,33.861.830.523,3.201.782.057,9.987.416.059,7.964.983.230,4.579.519.640,4.144.689.739,188,-10%,-40%,-65%,-70%,-88%
PEVE,PT Penta Valent Tbk,24 Jan 2023,Healthcare,PT Lotus Andalan Sekuritas,pengembangan,lainnya,"1.765.625.000,00","0,2",modal kerja,rupiah,649.335.721.000,514.351.157.000,1.165.769.345.000,105.062.127.000,,9.710.178.000,149,34%,48%,32%,16%,17%
LAJU,PT Jasa Berdikari Logistics Tbk,27 Jan 2023,Transportation & Logistic,PT NH Korindo Sekuritas Indonesia,pengembangan,lainnya,"2.149.840.000,00","0,3256",modal kerja,rupiah,104.939.148.174,50.605.053.298,133.582.283.449,32.308.614.257,,10.735.057.550,100,35%,41%,144%,-36%,-45%
FWCT,PT Wijaya Cahaya Timber Tbk,1 Feb 2023,Basic Materials,PT Lotus Andalan Sekuritas,pengembangan,lainnya,"1.875.000.000,00","0,2",modal belanja,rupiah,393.200.934.000,177.454.760.000,508.289.676.000,61.110.241.000,37.358.393.000,25.181.704.000,118,35%,2%,-7%,-56%,-40%
NAYZ,PT Hassana Boga Sejahtera Tbk,6 Feb 2023,Consumer Non-Cyclicals,PT Surya Fajar Sekuritas,akselerasi,lainnya,"2.550.000.000,00","0,2",modal belanja,rupiah,28.692.436.237,5.699.543.782,26.794.354.331,12.945.741.415,,614.697.899,100,-10%,-28%,-3%,-74%,-83%
IRSX,PT Aviana Sinar Abadi Tbk,7 Feb 2023,Technology,PT Shinhan Sekuritas Indonesia,pemantauan khusus,start up,"5.000.000.000,00","0,2",modal kerja,rupiah,72.059.076.912,5.095.672.725,8.265.491.517,2.621.931.108,657.255.320,2.734.532.967,101,2%,-7%,-9%,4%,-50%
VAST,PT Vastland Indonesia Tbk,8 Feb 2023,Properties & Real Estate,PT Erdikha Elit Sekuritas,pengembangan,lainnya,"3.055.700.000,00","0,2127",ekspansi,rupiah,276.667.293.948,80.310.194.003,19.037.954.757,18.004.082.197,,,108,-6%,0%,-8%,-36%,-41%
HALO,PT Haloni Jane Tbk,8 Feb 2023,Healthcare,PT Danatama Makmur Sekuritas; PT KB Valbury Sekuritas,pengembangan,lainnya,"5.650.000.000,00","0,2",modal kerja,rupiah,309.954.114.600,284.691.650.497,199.908.347.335,19.905.159.815,,-8.219.903.475,100,17%,19%,17%,-20%,-50%
PACK,PT Solusi Kemasan Digital Tbk,8 Feb 2023,Basic Materials,PT NH Korindo Sekuritas Indonesia,akselerasi,start up,"1.537.546.000,00","0,2003",modal kerja,rupiah,41.344.745.444,37.129.430.154,26.216.568.117,6.027.099.394,,-705.950.071,162,-10%,-37%,-33%,4%,-75%
CHIP,PT Pelita Teknologi Global Tbk,8 Feb 2023,Technology,PT Lotus Andalan Sekuritas,akselerasi,start up,"806.000.000,00","0,2481",modal kerja,rupiah,61.253.286.000,45.721.982.000,56.635.038.000,10.150.775.000,,-5.014.838.000,160,10%,44%,322%,888%,1306%
KING,PT Hoffmen Cleanindo Tbk,16 Feb 2023,Industrials,PT NH Korindo Sekuritas Indonesia,akselerasi,lainnya,"2.600.000.000,00","0,2",modal kerja,rupiah,72.807.293.954,45.236.731.195,104.306.458.883,14.833.436.340,3.077.961.229,-689.375.684,130,-10%,-12%,32%,4%,35%
PGEO,PT Pertamina Geothermal Energy Tbk,24 Feb 2023,Infrastructures,PT CLSA Sekuritas Indonesia; PT Credit Suisse Sekuritas Indonesia; PT Mandiri Sekuritas; PT HSBC Sekuritas Indonesia; PT Bahana Sekuritas; PT Danasakti Sekuritas Indonesia; PT Samuel Sekuritas Indonesia,utama,bumn,"41.396.142.000,00","0,25",ekspansi,usd,37.117.849.808.000,17.173.104.000.000,4.363.866.416.000,2.505.268.896.000,2.731.252.368.000,1.691.937.936.000,875,0%,-1%,-9%,19%,40%
FUTR,PT Lini Imaji Kreasi Ekosistem Tbk,27 Feb 2023,Consumer Cyclicals,PT Indo Capital Sekuritas; PT KGI Sekuritas Indonesia,pengembangan,start up,"6.390.000.000,00","0,2",modal kerja,rupiah,71.736.198.070,11.086.516.002,19.792.318.182,13.587.339.825,11.243.900.017,8.670.852.326,100,0%,42%,21%,-50%,-50%
HILL,PT Hillcon Tbk,1 Mar 2023,Energy,PT Mirae Asset Sekuritas Indonesia; PT Sucor Sekuritas; PT Macquarie Sekuritas Indonesia,utama,lainnya,"2.948.300.000,00","0,15",modal kerja,rupiah,3.094.788.000.000,2.234.775.000.000,2.171.206.000.000,579.102.000.000,-443.796.000.000,-260.429.000.000,1.250,6%,26%,62%,132%,93%
BDKR,PT Berdikari Pondasi Perkasa Tbk,3 Mar 2023,Infrastructures,PT Semesta Indovest Sekuritas,utama,lainnya,"4.707.100.000,00","0,15",modal kerja,rupiah,1.115.922.236.052,546.840.041.016,477.120.794.735,,44.503.242.771,,200,15%,29%,28%,153%,160%
PTMP,PT Mitra Pack Tbk,6 Mar 2023,Industrials,PT NH Korindo Sekuritas Indonesia,pengembangan,lainnya,"3.169.200.000,00","0,2524",modal kerja,rupiah,126.238.316.593,49.844.022.287,123.650.283.493,41.034.013.215,,16.562.689.559,120,19%,13%,77%,14%,145%
CUAN,PT Petrindo Jaya Kreasi Tbk,8 Mar 2023,Energy,PT Henan Putihrai Sekuritas; PT BRI Danareksa Sekuritas,utama,konglomerat,"11.241.890.000,00","0,1503",ekspansi,rupiah,1.410.458.048.579,405.585.462.941,913.529.160.467,-601.224.639.505,,-291.891.610.431,220,25%,200%,309%,991%,3014%
SAGE,PT Saptausaha Gemilangindah Tbk,8 Mar 2023,Properties & Real Estate,PT Danatama Makmur Sekuritas; PT Aartha Sekuritas Indonesia,pemantauan khusus,lainnya,"8.033.250.000,00","0,2004",bayar hutang,rupiah,268.877.043.010,148.228.051.519,20.519.309.930,,,4.696.657.212,100,35%,40%,272%,-50%,-50%
TRON,PT Teknologi Karya Digital Nusa Tbk,8 Mar 2023,Technology,PT Surya Fajar Sekuritas,pengembangan,start up,"2.950.000.000,00","0,2542",modal kerja,rupiah,83.367.300.740,23.190.851.888,84.040.736.448,34.149.410.258,17.353.147.592,13.404.525.000,180,31%,50%,53%,64%,42%
NSSS,PT Nusantara Sawit Sejahtera Tbk,10 Mar 2023,Consumer Non-Cyclicals,PT Samuel Sekuritas Indonesia; PT BRI Danareksa Sekuritas; PT Sucor Sekuritas; PT Mirae Asset Sekuritas Indonesia; PT Yulie Sekuritas Indonesia Tbk; PT Phillip Sekuritas Indonesia; PT Danasakti Sekuritas Indonesia,pengembangan,lainnya,"23.788.235.300,00","0,15",modal belanja,rupiah,2.932.654.000.000,2.307.328.000.000,864.315.000.000,345.297.000.000,255.850.000.000,-64.599.000.000,127,6%,3%,14%,52%,38%
GTRA,PT Grahaprima Suksesmandiri Tbk,30 Mar 2023,Transportation & Logistic,PT UOB Kay Hian Sekuritas,pengembangan,lainnya,"1.894.375.000,00","0,2",modal belanja,rupiah,650.517.000.000,456.514.000.000,195.317.000.000,87.569.000.000,13.599.000.000,,150,35%,85%,77%,39%,9%
HAJJ,PT Arsy Buana Travelindo Tbk,5 Apr 2023,Consumer Cyclicals,PT Surya Fajar Sekuritas,akselerasi,lainnya,"2.290.500.000,00","0,2999",modal kerja,rupiah,97.242.816.189,45.129.761.711,189.727.775.580,-12.053.839.788,,-5.839.090.611,140,10%,25%,211%,9%,-7%
PIPA,PT Multi Makmur Lemindo Tbk,10 Apr 2023,Industrials,PT Shinhan Sekuritas Indonesia,pemantauan khusus,lainnya,"3.425.000.000,00","0,2701",modal belanja,rupiah,89.251.027.649,37.456.058.142,31.844.661.037,8.223.012.707,3.285.694.576,,105,34%,60%,1%,-52%,-52%
NCKL,PT Trimegah Bangun Persada Tbk,12 Apr 2023,Basic Materials,PT BNP Paribas Securities Indonesia; PT Citigroup Sekuritas Indonesia; PT Credit Suisse Sekuritas Indonesia; PT Mandiri Sekuritas; PT DBS Vickers Sekuritas Indonesia; PT OCBC Sekuritas Indonesia; PT UOB Kay Hian Sekuritas,utama,konglomerat,"63.098.600.000,00","0,1267",bayar hutang,rupiah,33.592.338.626.368,19.616.998.802.011,9.040.409.439.808,4.489.021.246.766,3.925.880.359.325,4.305.692.310.705,1.250,4%,16%,-10%,-21%,-28%
AWAN,PT Era Digital Media Tbk,18 Apr 2023,Technology,PT Samuel Sekuritas Indonesia; PT Sucor Sekuritas,pengembangan,start up,"3.435.000.000,00","0,2183",modal belanja,rupiah,24.750.829.485,3.884.498.719,21.644.121.500,14.820.247.646,4.943.143.704,7.324.568.393,100,35%,212%,152%,134%,218%
MENN,PT Menn Teknologi Indonesia Tbk,18 Apr 2023,Technology,PT Indo Capital Sekuritas; PT KGI Sekuritas Indonesia,akselerasi,start up,"1.434.000.000,00","0,3",modal belanja,rupiah,12.492.147.084,984.795.198,4.363.045.063,2.680.858.045,917.748.428,,78,-9%,-31%,-45%,42%,-87%
MBMA,PT Merdeka Battery Materials Tbk,18 Apr 2023,Basic Materials,PT Indo Premier Sekuritas; PT Trimegah Sekuritas Indonesia Tbk; PT UBS Sekuritas Indonesia; PT Macquarie Sekuritas Indonesia; PT Sucor Sekuritas; PT Aldiracita Sekuritas Indonesia; PT Ciptadana Sekuritas Asia,pengembangan,konglomerat,"107.995.419.900,00","0,1024",bayar hutang,usd,28.758.211.132.976,9.142.454.866.480,4.394.958.905.376,475.355.876.528,-300.386.514.480,-493.097.682.064,795,11%,1%,-1%,-10%,-32%
TYRE,PT King Tire Indonesia Tbk,8 May 2023,Consumer Cyclicals,PT Victoria Sekuritas Indonesia,pengembangan,lainnya,"3.478.020.000,00","0,2013",modal kerja,rupiah,380.847.754.345,190.814.759.012,451.766.989.508,72.471.343.508,29.228.493.016,20.393.706.480,138,35%,2%,-11%,-12%,-1%
DOOH,PT Era Media Sejahtera Tbk,8 May 2023,Consumer Cyclicals,PT Indo Capital Sekuritas; PT KGI Sekuritas Indonesia,pengembangan,start up,"7.737.500.000,00","0,2",modal kerja,rupiah,79.524.869.710,9.144.769.845,31.038.251.553,15.767.120.205,7.576.243.765,6.318.199.485,100,5%,-1%,-48%,60%,-45%
JATI,PT Informasi Teknologi Indonesia Tbk,8 May 2023,Technology,PT KGI Sekuritas Indonesia; PT Shinhan Sekuritas Indonesia,pengembangan,start up,"3.262.500.000,00","0,2",modal kerja,rupiah,271.250.571.337,180.084.633.150,371.892.406.283,65.673.409.897,26.601.159.631,20.304.945.081,100,35%,114%,45%,-28%,-50%
RAAM,PT Tripar Multivision Plus Tbk,8 May 2023,Consumer Cyclicals,PT UOB Kay Hian Sekuritas; PT Sucor Sekuritas,utama,lainnya,"6.194.200.000,00","0,15",modal kerja,rupiah,1.116.334.000.000,198.691.000.000,11.410.000.000,6.601.000.000,,-44.000.000,234,25%,201%,225%,105%,122%
MPXL,PT MPX Logistics International Tbk,9 May 2023,Transportation & Logistic,PT Panin Sekuritas Tbk,pengembangan,lainnya,"2.000.000.000,00","0,2",modal belanja,rupiah,60.721.431.854,21.198.134.841,107.020.851.513,14.018.072.896,,6.025.095.569,108,34%,14%,15%,59%,36%
SMIL,PT Sarana Mitra Luas Tbk,12 May 2023,Industrials,PT MNC Sekuritas; PT KB Valbury Sekuritas; PT Erdikha Elit Sekuritas,utama,lainnya,"8.750.000.000,00","0,2",modal belanja,rupiah,572.895.085.011,172.742.153.896,203.158.575.754,61.973.928.557,41.160.835.352,25.400.891.371,100,35%,48%,43%,26%,41%
MAXI,PT Maxindo Karya Anugerah Tbk,12 Jun 2023,Consumer Non-Cyclicals,PT Shinhan Sekuritas Indonesia,pengembangan,lainnya,"9.610.000.000,00","0,1041",modal kerja,rupiah,154.769.287.222,48.720.516.888,19.098.065.425,5.083.068.271,-628.567.552,-1.920.310.583,100,-15%,-42%,-39%,-50%,-51%
KLAS,PT Pelayaran Kurnia Lautan Semesta Tbk,12 Jun 2023,Transportation & Logistic,PT Panin Sekuritas Tbk,pengembangan,lainnya,"2.165.000.000,00","0,2494",modal belanja,rupiah,230.091.682.088,123.115.462.118,179.426.441.524,65.006.754.990,,28.907.747.378,146,35%,-9%,-29%,-39%,-17%
VKTR,PT VKTR Teknologi Mobilitas Tbk,19 Jun 2023,Consumer Cyclicals,PT Samuel Sekuritas Indonesia; PT Ciptadana Sekuritas Asia; PT Trimegah Sekuritas Indonesia Tbk,pengembangan,konglomerat,"43.750.000.000,00","0,2",bayar hutang,rupiah,1.032.905.000.000,758.025.000.000,1.071.130.000.000,192.662.000.000,79.288.000.000,68.241.000.000,100,11%,15%,30%,15%,0%
RELF,PT Graha Mitra Asia Tbk,22 Jun 2023,Properties & Real Estate,PT UOB Kay Hian Sekuritas,akselerasi,lainnya,"5.727.800.000,00","0,2095",modal belanja,rupiah,166.038.000.000,47.576.000.000,18.347.000.000,9.427.000.000,4.487.000.000,,90,10%,57%,53%,-71%,-83%
AMMN,PT Amman Mineral Internasional Tbk,7 Jul 2023,Basic Materials,PT BNI Sekuritas; PT Mandiri Sekuritas; PT CLSA Sekuritas Indonesia; PT DBS Vickers Sekuritas Indonesia; PT BRI Danareksa Sekuritas; PT Maybank Sekuritas Indonesia; PT Samuel Sekuritas Indonesia,utama,konglomerat,"71.915.881.656,00","0,088",modal belanja,usd,101.172.544.232.500,44.984.782.050.000,44.057.924.235.000,25.513.139.860.000,23.778.110.850.000,17.105.133.110.000,1.695,4%,4%,69%,282%,581%
CRSN,PT Carsurin Tbk,10 Jul 2023,Industrials,PT NH Korindo Sekuritas Indonesia,pengembangan,lainnya,"2.892.000.000,00","0,2075",modal belanja,rupiah,170.091.037.748,55.562.227.348,363.365.202.661,183.479.991.242,,30.209.836.389,125,14%,-10%,-7%,-2%,-20%
GRPM,PT Graha Prima Mentari Tbk,10 Jul 2023,Consumer Non-Cyclicals,PT NH Korindo Sekuritas Indonesia,akselerasi,lainnya,"1.545.000.000,00","0,2",modal kerja,rupiah,50.208.565.995,19.273.734.762,325.984.796.778,23.217.888.781,2.996.055.061,2.264.537.620,120,-10%,-30%,-38%,-60%,-63%
TGUK,PT Platinum Wahab Nusantara Tbk,10 Jul 2023,Consumer Non-Cyclicals,PT Semesta Indovest Sekuritas,pemantauan khusus,lainnya,"3.571.429.000,00","0,3",modal belanja,rupiah,76.163.244.322,16.885.219.341,128.305.264.796,78.021.474.019,16.170.849.702,12.642.475.951,110,35%,26%,-10%,-15%,-55%
WIDI,PT Widiant Jaya Krenindo Tbk,10 Jul 2023,Industrials,PT Artha Sekuritas Indonesia,akselerasi,lainnya,"1.600.000.000,00","0,25",modal kerja,rupiah,16.705.893.953,6.590.764.278,11.041.189.690,4.559.342.330,1.542.953.805,1.010.755.134,100,10%,8%,40%,-56%,-92%
INET,PT Sinergi Inti Andalan Prima Tbk,24 Jul 2023,Infrastructures,PT Shinhan Sekuritas Indonesia,pengembangan,lainnya,"7.500.000.000,00","0,2",modal kerja,rupiah,72.983.848.409,7.780.796.134,6.504.689.740,1.794.365.022,794.893.264,515.065.262,101,35%,100%,84%,-31%,-50%
MAHA,PT Mandiri Herindo Adiperkasa Tbk,25 Jul 2023,Energy,PT Trimegah Sekuritas Indonesia Tbk,utama,lainnya,"16.666.000.000,00","0,25",modal kerja,rupiah,1.728.663.660.000,650.461.493.000,455.360.615.000,117.478.676.000,,41.026.288.000,118,35%,132%,114%,58%,65%
RMKO,PT Royaltama Mulia Kontraktorindo Tbk,31 Jul 2023,Energy,PT Victoria Sekuritas Indonesia,pengembangan,lainnya,"1.250.000.000,00","0,2",modal belanja,rupiah,237.081.642.551,118.709.141.190,20.915.132.345,4.003.778.562,3.054.602.744,1.831.216.675,450,24%,21%,-17%,-43%,-53%
CNMA,PT Nusantara Sejahtera Raya Tbk,2 Aug 2023,Consumer Cyclicals,PT Indo Premier Sekuritas; PT J.P. Morgan Sekuritas Indonesia; PT Mandiri Sekuritas; PT UBS Sekuritas Indonesia,utama,konglomerat,"83.345.000.000,00","0,1",ekspansi,rupiah,"Rp6.759.546.000.000,00","Rp4.106.897.000.000,00","Rp4.401.050.000.000,00","Rp724.138.000.000,00","Rp717.008.000.000,00","Rp504.535.000.000,00",270,17%,14%,1%,-4%,-16%
HBAT,PT Minahasa Membangun Hebat Tbk,7 Aug 2023,Properties & Real Estate,PT Lotus Andalan Sekuritas,akselerasi,lainnya,"1.040.740.800,00","0,2313",ekspansi,rupiah,"Rp41.272.733.000,00","Rp2.665.379.000,00","Rp11.981.896.000,00","Rp6.734.070.000,00","Rp14.024.855.000,00","Rp2.368.575.000,00",108,-9%,-38%,-49%,-64%,-76%
FOLK,PT Multi Garam Utama Tbk,7 Aug 2023,Industrials,PT KGI Sekuritas Indonesia; PT Samuel Sekuritas Indonesia,pengembangan,lainnya,"3.948.133.300,00","0,1444",modal belanja,rupiah,"Rp76.693.950.132,00","Rp4.469.822.412,00","Rp7.525.201.923,00","Rp4.618.641.919,00","-Rp514.894.192,00","-Rp378.421.337,00",100,13%,-15%,-27%,-41%,-45%
PPRI,PT Paperocks Indonesia Tbk,8 Aug 2023,Basic Materials,PT Indo Capital Sekuritas,pengembangan,lainnya,"1.075.000.000,00","0,2558",modal belanja,rupiah,"Rp73.917.112.171,00","Rp18.482.280.950,00","Rp44.960.222.680,00","Rp6.873.769.093,00","Rp2.112.562.206,00","Rp2.952.763.855,00",140,-15%,-45%,-41%,-43%,-14%
GRIA,PT Ingria Pratama Capitalindo Tbk,8 Aug 2023,Properties & Real Estate,PT Erdikha Elit Sekuritas,pengembangan,lainnya,"7.375.720.674,00","0,2624",bayar hutang,rupiah,"Rp395.106.885.377,00","Rp312.640.340.957,00","Rp4.330.212.224,00","Rp1.610.733.562,00",,"Rp130.037.004,00",120,-2%,-2%,-5%,0%,65%
ERAL,PT Sinar Eka Selaras Tbk,8 Aug 2023,Consumer Cyclicals,PT Mirae Asset Sekuritas Indonesia; PT BNI Sekuritas,utama,start up,"5.187.500.000,00","0,2",modal kerja,rupiah,"Rp1.406.341.661.290,00","Rp471.648.227.926,00","Rp360.182.192.730,00","Rp40.131.786.696,00","Rp20.552.982.601,00","Rp18.895.697.547,00",390,3%,-6%,-5%,-22%,-39%
CYBR,PT ITSEC Asia Tbk,8 Aug 2023,Technology,PT Mirae Asset Sekuritas Indonesia; PT Sucor Sekuritas; PT Trimegah Sekuritas Indonesia Tbk,pengembangan,start up,"6.449.574.702,00","0,1564",modal kerja,rupiah,"Rp99.345.970.122,00","Rp63.882.790.154,00","Rp9.282.591.159,00","Rp2.156.954.158,00","-Rp2.171.005.719,00","-Rp2.185.890.851,00",100,35%,132%,66%,118%,198%
MUTU,PT Mutuagung Lestari Tbk,9 Aug 2023,Industrials,PT Trimegah Sekuritas Indonesia Tbk; PT Indo Premier Sekuritas,pengembangan,lainnya,"3.142.857.200,00","0,3",belanja modal,rupiah,"Rp160.689.102.687,00","Rp81.312.965.515,00","Rp59.417.766.384,00","Rp25.002.220.867,00","Rp12.375.901.250,00","Rp8.156.558.559,00",108,34%,23%,69%,-17%,-26%
HUMI,PT Humpuss Maritim Internasional Tbk,9 Aug 2023,Energy,PT Reliance Sekuritas Indonesia Tbk,pengembangan,konglomerat,"18.046.450.000,00","0,15",belanja modal,usd,"Rp3.252.979.102.870,00","Rp1.157.801.395.100,00","Rp353.333.633.030,00","Rp124.138.831.950,00","Rp89.151.568.240,00","Rp78.279.128.270,00",100,2%,51%,89%,-43%,-28%
LMAX,PT Lupromax Pelumas Indonesia Tbk,9 Aug 2023,Consumer Cyclicals,PT Shinhan Sekuritas Indonesia,akselerasi,lainnya,"650.000.000,00","0,2609",belanja modal,rupiah,"Rp28.335.811.674,00","Rp17.101.553.682,00","Rp37.693.608.446,00","Rp16.978.246.689,00","Rp210.844.161,00","Rp155.841.482,00",200,10%,46%,0%,-36%,-86%
MSIE,PT Multisarana Intan Eduka Tbk,10 Aug 2023,Properties & Real Estate,PT MNC Sekuritas; PT KB Valbury Sekuritas,akselerasi,lainnya,"1.460.000.000,00","0,2466",ekspansi,rupiah,"Rp92.555.450.249,00","Rp11.317.531.490,00","Rp1.571.354.165,00","Rp1.334.867.055,00",,"Rp940.684.133,00",100,-10%,-40%,-58%,-76%,-85%
RSCH,PT Charlie Hospital Semarang Tbk,28 Aug 2023,Healthcare,PT Shinhan Sekuritas Indonesia; PT Elit Sukses Sekuritas,pengembangan,lainnya,"2.650.000.000,00","0,2",ekspansi,rupiah,"Rp96.925.615.357,00","Rp3.986.559.229,00","Rp5.941.174.501,00","Rp1.175.960.713,00","-Rp768.173.944,00","-Rp625.398.563,00",115,14%,16%,5%,30%,178%
BABY,PT Multitrend Indo Tbk,7 Sep 2023,Consumer Cyclicals,PT UOB Kay Hian Sekuritas,pengembangan,konglomerat,"2.668.586.400,00","0,2001",modal kerja,rupiah,"Rp696.500.300.607,00","Rp310.757.940.908,00","Rp162.413.099.148,00","Rp74.435.299.286,00","-Rp4.879.028.197,00","-Rp516.222.013,00",266,9%,-2%,2%,-43%,-22%
AEGS,PT Anugerah Spareparts Sejahtera Tbk,11 Sep 2023,Consumer Cyclicals,PT Shinhan Sekuritas Indonesia,akselerasi,lainnya,"1.006.000.000,00","0,3976",modal belanja,rupiah,"Rp36.126.118.883,00","Rp21.342.126.463,00","Rp3.865.005.006,00","Rp686.498.728,00",,"Rp163.083.186,00",100,-5%,-32%,-41%,-10%,-62%
KOCI,PT Kokoh Exa Nusantara Tbk,6 Oct 2023,Properties & Real Estate,PT Panca Global Sekuritas,pengembangan,konglomerat,"4.415.590.000,00","0,1019",ekspansi,rupiah,"Rp77.795.553.564,00","Rp25.428.861.660,00","Rp18.291.976.417,00","Rp7.245.560.598,00","Rp4.559.494.947,00","Rp4.276.600.935,00",120,-30%,-43%,-58%,-52%,-57%
IOTF,PT Sumber Sinergi Makmur Tbk,6 Oct 2023,Technology,PT KB Valbury Sekuritas; PT Shinhan Sekuritas Indonesia,pengembangan,lainnya,"5.280.000.000,00","0,2083",modal kerja,rupiah,"Rp58.698.489.543,00","Rp14.437.112.292,00","Rp16.124.333.459,00","Rp4.171.884.951,00","Rp1.016.984.183,00","Rp560.957.670,00",100,35%,5%,9%,37%,35%
BREN,PT Barito Renewables Energy Tbk,9 Oct 2023,Infrastructures,PT BNI Sekuritas,utama,konglomerat,"133.786.220.000,00","0,03",bayar hutang,usd,"Rp54.478.961.460.000,00","Rp47.039.613.015.000,00","Rp2.306.996.855.000,00","Rp1.197.094.885.000,00",,"Rp622.098.470.000,00",780,25%,203%,464%,788%,759%
PTPS,PT Pulau Subur Tbk,9 Oct 2023,Consumer Cyclicals,PT NH Korindo Sekuritas Indonesia,pengembangan,lainnya,"2.167.500.000,00","0,2076",ekspansi,rupiah,"Rp76.025.046.765,00","Rp22.019.369.145,00","Rp13.846.817.245,00","Rp4.922.180.163,00",,"Rp5.992.302.249,00",198,-35%,-47%,-30%,-10%,-59%
STRK,PT Lovina Beach Brewery Tbk,10 Oct 2023,Consumer Non-Cyclicals,PT Artha Sekuritas Indonesia; PT Panca Global Sekuritas; PT KGI Sekuritas Indonesia; PT Waterfront Sekuritas Indonesia,pengembangan,lainnya,"10.721.709.000,00","0,1101",modal belanja,rupiah,"Rp70.588.409.490,00","Rp19.087.673.754,00","Rp10.859.348.665,00","Rp6.691.893.509,00","Rp20.474.414.860,00","Rp19.495.325.284,00",100,35%,128%,210%,-50%,-50%
KOKA,PT Koka Indonesia Tbk,11 Oct 2023,Infrastructures,PT KGI Sekuritas Indonesia; PT UOB Kay Hian Sekuritas,pengembangan,lainnya,"2.861.333.000,00","0,25",modal kerja,rupiah,"Rp107.174.464.037,00","Rp29.744.646.475,00","Rp69.544.387.366,00","Rp19.532.946.868,00",,"Rp11.871.688.903,00",128,33%,-13%,-52%,-47%,-52%
LOPI,PT Logisticsplus International Tbk,11 Oct 2023,Transportation & Logistic,PT Elit Sukses Sekuritas,akselerasi,lainnya,"1.100.000.000,00","0,2727",modal kerja,rupiah,"Rp36.753.905.768,00","Rp10.881.827.503,00","Rp13.168.664.110,00","Rp3.052.945.579,00","Rp1.000.110.676,00","Rp490.742.929,00",100,-10%,-14%,-30%,-47%,-76%
UDNG,PT Agro Bahari Nusantara Tbk,31 Oct 2023,Consumer Non-Cyclicals,PT MNC Sekuritas; PT Korea Investment and Sekuritas Indonesia,akselerasi,lainnya,"1.750.000.000,00","0,2857",ekspansi,rupiah,"Rp15.186.124.530,00","Rp1.122.288.441,00","Rp3.883.986.712,00","Rp2.017.083.946,00","Rp1.709.400.427,00","Rp1.603.608.081,00",100,10%,-5%,20%,-36%,-50%
RGAS,PT Kian Santang Muliatama Tbk,8 Nov 2023,Energy,PT Erdikha Elit Sekuritas,pengembangan,lainnya,"1.459.200.000,00","0,229",modal belanja,rupiah,"Rp52.583.752.249,00","Rp1.528.180.938,00","Rp12.375.275.001,00","Rp4.495.661.360,00",,"Rp1.208.248.812,00",120,4%,-8%,-13%,-21%,-13%
MSTI,PT Mastersystem Infotama Tbk,8 Nov 2023,Technology,PT Indo Premier Sekuritas; PT Maybank Sekuritas Indonesia,utama,lainnya,"3.138.823.600,00","0,15",bayar hutang,rupiah,"Rp2.176.120.078.664,00","Rp893.732.058.438,00","Rp745.200.569.839,00","Rp145.722.505.089,00","Rp47.432.395.876,00","Rp49.672.007.236,00",1.355,7%,2%,0%,11%,14%
IKPM,PT Ikapharmindo Putramas Tbk,8 Nov 2023,Healthcare,PT OCBC Sekuritas Indonesia,pengembangan,lainnya,"1.684.662.500,00","0,2",modal belanja,rupiah,"Rp415.412.443.911,00","Rp231.508.464.764,00","Rp143.279.825.111,00","Rp60.617.045.178,00","Rp14.435.311.860,00","Rp7.820.082.753,00",165,10%,5%,16%,52%,67%
AYAM,PT Janu Putra Sejahtera Tbk,30 Nov 2023,Consumer Non-Cyclicals,PT UOB Kay Hian Sekuritas,pengembangan,lainnya,"4.000.000.000,00","0,2",ekspansi,rupiah,"Rp267.425.000.000,00","Rp147.279.000.000,00","Rp115.669.000.000,00","Rp8.833.000.000,00","Rp665.000.000,00","Rp4.256.000.000,00",100,35%,11%,10%,7%,49%
SURI,PT Maja Agung Latexindo Tbk,7 Dec 2023,Healthcare,PT Shinhan Sekuritas Indonesia,pengembangan,lainnya,"6.334.375.000,00","0,2",modal belanja,rupiah,"Rp177.093.378.114,00","Rp55.039.966.261,00","Rp9.084.543.299,00","Rp1.558.807.820,00","-Rp3.918.913.717,00","-Rp5.917.269.225,00",170,-5%,-4%,-1%,-18%,-71%
ASLI,PT Asri Karya Lestari Tbk,5 Jan 2024,Infrastructures,PT NH Korindo Sekuritas Indonesia,pengembangan,lainnya,"6.250.000.000,00","0,2",modal belanja,rupiah,"Rp382.752.444.311,00","Rp37.090.185.004,00","Rp82.616.225.184,00","Rp26.614.602.130,00",,"Rp10.746.700.141,00",100,-11%,-39%,-49%,-50%,-50%
CGAS,PT Citra Nusantara Gemilang Tbk,8 Jan 2024,Energy,PT Pilarmas Investindo Sekuritas,pengembangan,lainnya,"1.771.429.000,00","0,3",modal belanja,rupiah,"Rp188.553.586.928,00","Rp112.144.635.908,00","Rp182.661.821.036,00","Rp35.402.308.261,00","Rp4.662.433.332,00","Rp4.634.084.942,00",338,25%,46%,-46%,-61%,-70%
NICE,PT Adhi Kartiko Pratama Tbk,9 Jan 2024,Basic Materials,PT KB Valbury Sekuritas; PT Trimegah Sekuritas Indonesia Tbk; PT UOB Kay Hian Sekuritas,pengembangan,lainnya,"6.082.020.000,00","0,2",modal belanja,rupiah,"Rp265.717.483.617,00","Rp146.680.524.178,00","Rp378.562.921.086,00","Rp66.860.665.592,00",,"Rp40.546.970.835,00",438,20%,31%,19%,47%,-19%
MSJA,PT Multi Spunindo Jaya Tbk,10 Jan 2024,Consumer Cyclicals,PT BRI Danareksa Sekuritas; PT Reliance Sekuritas Indonesia Tbk,pengembangan,lainnya,"5.882.352.900,00","0,15",modal belanja,usd,"Rp1.425.722.262.965,00","Rp428.670.341.770,00","Rp567.352.779.620,00","Rp123.145.003.465,00","Rp74.229.593.955,00",$3.647.587,300,15%,25%,13%,-3%,13%
SMLE,PT Sinergi Multi Lestarindo Tbk,10 Jan 2024,Basic Materials,PT MNC Sekuritas; PT Erdikha Elit Sekuritas,pengembangan,lainnya,"2.328.125.000,00","0,2",modal belanja,rupiah,"Rp86.055.664.583,00","Rp63.448.283.667,00","Rp92.317.161.613,00","Rp23.370.010.690,00",,"Rp2.220.346.422,00",175,35%,5%,-32%,-61%,-35%
ACRO,PT Samcro Hyosung Adilestari Tbk,11 Jan 2024,Consumer Cyclicals,PT UOB Kay Hian Sekuritas,pengembangan,lainnya,"3.469.138.591,00","0,2",modal belanja,rupiah,"Rp103.972.982.935,00","Rp48.295.012.099,00","Rp22.767.290.135,00","Rp9.785.001.404,00","Rp6.805.321.309,00","Rp4.158.520.192,00",108,34%,-1%,-15%,-22%,-32%
MANG,PT Manggung Polahraya Tbk,11 Jan 2024,Infrastructures,PT Panca Global Sekuritas,akselerasi,lainnya,"3.812.500.000,00","0,2",modal kerja,rupiah,"Rp114.977.197.199,00","Rp44.486.491.697,00","Rp34.880.657.674,00","Rp6.952.458.909,00","Rp2.475.331.952,00","Rp402.720.082,00",100,-10%,-28%,7%,30%,-3%
GRPH,PT Griptha Putra Persada Tbk,18 Jan 2024,Consumer Cyclicals,PT Elit Sukses Sekuritas,pengembangan,lainnya,"1.000.000.000,00","0,2",modal belanja,rupiah,"Rp73.950.057.594,00","Rp21.025.042.960,00","Rp14.725.921.772,00","Rp7.841.265.534,00",,"Rp1.430.965.988,00",103,15%,-17%,-45%,-51%,-51%
SMGA,PT Sumber Mineral Global Abadi Tbk,30 Jan 2024,Basic Materials,PT Victoria Sekuritas Indonesia,pengembangan,lainnya,"8.750.000.000,00","0,2",modal kerja,rupiah,"Rp296.714.062.702,00","Rp129.355.861.719,00","Rp112.156.060.225,00","Rp10.667.772.090,00","Rp4.800.149.441,00","Rp5.048.029.195,00",105,34%,10%,-3%,-12%,-43%
TOSK,PT Topindo Solusi Komunika Tbk,7 Feb 2024,Technology,PT MNC Sekuritas; PT Erdikha Elit Sekuritas,pengembangan,start up,"4.375.000.000,00","0,2",modal kerja,rupiah,"Rp87.673.817.000,00","Rp49.635.805.000,00","Rp1.354.945.035.000,00","Rp15.308.713.000,00","-Rp784.189.000,00","Rp1.585.481.000,00",125,4%,-23%,-19%,-60%,-60%
UNTD,PT Terang Dunia Internusa Tbk,7 Feb 2024,Consumer Cyclicals,PT Mirae Asset Sekuritas Indonesia; PT BRI Danareksa Sekuritas,pengembangan,lainnya,"6.666.666.700,00","0,25",modal kerja,rupiah,"Rp832.597.453.183,00","Rp617.469.488.983,00","Rp479.772.355.224,00","Rp109.957.373.594,00","Rp80.648.091.320,00","Rp46.003.958.181,00",240,-3%,-27%,-28%,-50%,-63%
MPIX,PT Mitra Pedagang Indonesia Tbk,7 Feb 2024,Technology,PT RHB Sekuritas Indonesia; PT KGI Sekuritas Indonesia,pengembangan,konglomerat,"1.571.500.000,00","0,2",modal kerja,rupiah,"Rp55.369.171.422,00","Rp15.502.541.736,00","Rp485.720.092.613,00","Rp19.504.902.740,00","Rp15.605.697.926,00","Rp12.065.548.843,00",268,25%,-50%,-35%,-78%,-77%
ALII,PT Ancara Logistics Indonesia Tbk,7 Feb 2024,Energy,PT Ciptadana Sekuritas Asia; PT Samuel Sekuritas Indonesia,utama,lainnya,"15.825.800.000,00","0,2",bayar hutang,rupiah,"Rp1.855.157.640.000,00","Rp1.240.851.005.000,00","Rp662.880.737.000,00","Rp294.865.041.000,00",,"Rp166.132.792.000,00",272,25%,45%,80%,17%,44%
MEJA,PT Harta Djaya Karya Tbk,12 Feb 2024,Consumer Cyclicals,PT MNC Sekuritas; PT Erdikha Elit Sekuritas,akselerasi,lainnya,"1.917.500.000,00","0,2503",modal kerja,rupiah,"Rp50.287.076.489,00","Rp18.626.257.449,00","Rp16.546.905.932,00","Rp7.938.719.517,00",,"Rp2.837.036.532,00",103,10%,-2%,59%,83%,290%
MKAP,PT Multikarya Asia Pasifik Raya Tbk,12 Feb 2024,Energy,PT Lotus Andalan Sekuritas,pengembangan,lainnya,"3.250.000.000,00","0,2",modal kerja,rupiah,"Rp259.699.020.870,00","Rp110.547.735.439,00","Rp131.606.839.149,00","Rp51.977.424.107,00",,"Rp17.158.994.618,00",115,35%,114%,107%,241%,157%
LIVE,PT Homeco Victoria Makmur Tbk,12 Feb 2024,Consumer Cyclicals,PT Binaartha Sekuritas; PT Samuel Sekuritas Indonesia,pengembangan,lainnya,"4.593.005.014,00","0,176",bayar hutang,rupiah,"Rp293.600.438.894,00","Rp123.107.152.847,00","Rp134.224.680.418,00","Rp53.192.267.025,00","Rp27.024.960.007,00","Rp19.646.585.653,00",148,18%,16%,4%,36%,35%
HYGN,PT Ecocare Indo Pasifik Tbk,13 Feb 2024,Industrials,PT KGI Sekuritas Indonesia,pengembangan,lainnya,"2.525.000.000,00","0,2079",modal kerja,rupiah,"Rp139.829.320.073,00","Rp61.882.288.446,00","Rp131.412.252.878,00","Rp54.981.049.260,00","Rp7.563.870.647,00","Rp8.794.484.224,00",145,14%,17%,3%,-8%,-11%
BAIK,PT Bersama Mencapai Puncak Tbk,15 Feb 2024,Consumer Cyclicals,PT MNC Sekuritas; PT KGI Sekuritas Indonesia,pengembangan,lainnya,"1.125.000.000,00","0,2",modal kerja,rupiah,"Rp77.719.719.033,00","Rp14.973.043.982,00","Rp96.844.728.135,00","Rp26.346.224.638,00","Rp11.526.578.234,00","Rp8.905.663.404,00",278,-24%,-56%,-65%,-77%,-78%
VISI,PT Satu Visi Putra Tbk,27 Feb 2024,Industrials,PT Surya Fajar Sekuritas,pengembangan,lainnya,"3.075.000.000,00","0,2",modal kerja,rupiah,"Rp229.949.434.657,00","Rp123.508.965.810,00","Rp256.221.025.427,00","Rp42.715.857.888,00",,"Rp20.389.240.403,00",120,28%,2%,42%,98%,52%
AREA,PT Dunia Virtual Online Tbk,1 Apr 2024,Consumer Cyclicals,PT Panin Sekuritas Tbk,pengembangan,start up,"2.539.601.000,00","0,2008",modal belanja,rupiah,"Rp221.080.697.134,00","Rp60.114.052.829,00","Rp30.931.147.656,00","Rp10.776.423.374,00","Rp4.375.035.417,00","Rp1.846.798.291,00",131,6%,-14%,-14%,63%,247%
ATLA,PT Atlantis Subsea Indonesia Tbk,16 Apr 2024,Energy,PT Artha Sekuritas Indonesia,pengembangan,lainnya,"6.199.500.000,00","0,1936",modal belanja,rupiah,"Rp52.875.310.795,00","Rp4.177.135.814,00","Rp30.750.596.199,00","Rp7.958.886.009,00","Rp2.979.726.687,00","Rp1.875.993.020,00",100,35%,164%,46%,-50%,-50%
MHKI,PT Multi Hanna Kreasindo Tbk,16 Apr 2024,Industrials,PT NH Korindo Sekuritas Indonesia,pengembangan,lainnya,"3.750.000.000,00","0,2",modal belanja,rupiah,"Rp326.797.682.069,00","Rp24.340.336.257,00","Rp108.003.224.202,00","Rp63.448.235.013,00",,"Rp23.252.529.682,00",160,35%,91%,156%,-21%,-43%
DATA,PT Remala Abadi Tbk,7 May 2024,Technology,PT UOB Kay Hian Sekuritas,pengembangan,lainnya,"1.375.000.000,00","0,2",modal belanja,rupiah,"Rp135.745.785.969,00","Rp41.037.741.015,00","Rp179.096.045.967,00","Rp103.860.523.971,00",,"Rp29.392.868.254,00",188,34%,132%,63%,214%,671%
SOLA,PT Xolare RCR Energy Tbk,8 May 2024,Basic Materials,PT UOB Kay Hian Sekuritas,pengembangan,lainnya,"3.281.250.000,00","0,2",modal belanja,rupiah,"Rp87.330.000.000,00","Rp15.650.000.000,00","Rp48.500.000.000,00","Rp18.088.000.000,00",,"Rp1.940.000.000,00",110,35%,72%,-55%,-55%,-32%
BATR,PT Benteng Api Technic Tbk,10 Jun 2024,Basic Materials,PT KGI Sekuritas Indonesia,pengembangan,lainnya,"3.025.000.000,00","0,205",modal kerja,rupiah,"Rp112.730.454.327,00","Rp41.433.504.401,00","Rp123.184.986.363,00","Rp36.249.780.086,00",,"Rp9.321.047.873,00",110,9%,-19%,-22%,-32%,
SPRE,PT Soraya Berjaya Indonesia Tbk,3 Jul 2024,Consumer Cyclicals,PT MNC Sekuritas,akselerasi,lainnya,"800.000.000,00","0,3",modal kerja,rupiah,"Rp24.832.103.243,00","Rp7.119.688.866,00","Rp49.130.209.616,00","Rp11.454.073.301,00",,"Rp2.936.432.560,00",125,10%,41%,182%,31%,
PART,PT Cipta Perdana Lancar Tbk,5 Jul 2024,Consumer Cyclicals,PT MNC Sekuritas; PT Erdikha Elit Sekuritas; PT KB Valbury Sekuritas,pengembangan,lainnya,"2.720.000.000,00","0,25",modal belanja,rupiah,"Rp221.377.027.914,00","Rp157.838.708.681,00","Rp238.107.032.605,00","Rp48.182.457.349,00","Rp15.988.609.120,00",,105,25%,23%,64%,-8%,
BLES,PT Superior Prima Sukses Tbk,8 Jul 2024,Basic Materials,PT Lotus Andalan Sekuritas,pengembangan,lainnya,"8.890.206.400,00","0,15",modal belanja,rupiah,"Rp1.528.735.512.291,00","Rp776.374.455.758,00","Rp1.363.133.590.935,00","Rp420.876.209.806,00",,"Rp150.951.902.406,00",183,34%,41%,15%,33%,
ISEA,PT Indo American Seafoods Tbk,8 Jul 2024,Consumer Non-Cyclicals,PT KB Valbury Sekuritas,pengembangan,lainnya,"1.390.000.000,00","0,1318",modal kerja,rupiah,"Rp248.490.881.601,00","Rp223.573.155.485,00","Rp115.907.673.120,00","Rp32.566.961.157,00",,"Rp345.511.105,00",250,25%,41%,-54%,-71%,
GOLF,PT Intra Golflink Resorts Tbk,8 Jul 2024,Consumer Cyclicals,PT KB Valbury Sekuritas; PT Samuel Sekuritas Indonesia; PT Semesta Indovest Sekuritas; PT Trimegah Sekuritas Indonesia Tbk,utama,lainnya,"19.486.760.000,00","0,1001",modal belanja,rupiah,"Rp7.764.540.357.254,00","Rp182.797.540.719,00","Rp177.582.018.034,00","Rp112.442.298.222,00",,"Rp60.176.514.048,00",200,35%,15%,8%,4%,
GUNA,PT Gunanusa Eramandiri Tbk,9 Jul 2024,Consumer Non-Cyclicals,PT Panin Sekuritas Tbk,pengembangan,lainnya,"2.500.000.000,00","0,2",modal belanja,rupiah,"Rp1.528.735.512.291,00","Rp776.374.455.758,00","Rp1.363.133.590.935,00","Rp420.876.209.806,00",,"Rp150.951.902.406,00",150,35%,95%,104%,105%,
LABS,PT UBC Medical Indonesia Tbk,10 Jul 2024,Healthcare,PT Lotus Andalan Sekuritas,pengembangan,lainnya,"3.950.000.000,00","0,1772",modal kerja,rupiah,"Rp160.287.232.249,00","Rp110.927.131.469,00","Rp136.699.123.757,00","Rp56.064.247.469,00","Rp6.803.611.876,00","Rp2.189.514.903,00",135,1%,33%,-7%,1%,
DOSS,PT Global Sukses Digital Tbk,7 Aug 2024,Consumer Cyclicals,PT Samuel Sekuritas Indonesia,pengembangan,start up,"1.725.000.000,00","0,2609",modal kerja,rupiah,"Rp166.680.806.601,00","Rp71.416.068.850,00","Rp39.183.529.825,00","Rp2.698.002.148,00","Rp5.329.299.224,00","Rp4.704.968.777,00",135,35%,73%,44%,30%,
NEST,PT Esta Indonesia Tbk,8 Aug 2024,Consumer Non-Cyclicals,PT KGI Sekuritas Indonesia,pengembangan,lainnya,"4.112.500.000,00","0,2",modal kerja,rupiah,"Rp316.419.234.626,00","Rp118.195.872.866,00","Rp81.713.958.951,00","Rp7.144.745.717,00","Rp5.579.368.053,00","Rp4.271.769.764,00",200,35%,31%,51%,163%,
VERN,PT Verona Indah Pictures Tbk,8 Oct 2024,Consumer Cyclicals,PT UOB Kay Hian Sekuritas; PT UOB Kay Hian Sekuritas,pengembangan,lainnya,"4.765.525.000,00","0,2354",modal kerja,rupiah,"Rp346.233.050.329,00","Rp34.004.996.598,00","Rp67.096.470.588,00","Rp16.051.361.035,00",,"Rp8.692.560.683,00",195,3%,4%,1%,-54%,
PTMR,PT Master Print Tbk,8 Oct 2024,Basic Materials,PT Profindo Sekuritas Indonesia,pengembangan,lainnya,"1.907.000.000,00","0,2281",modal kerja,rupiah,"Rp93.374.827.334,00","Rp51.909.970.082,00","Rp26.793.959.256,00","Rp7.008.126.355,00",,"Rp2.291.869.698,00",128,7%,2%,0%,2%,
DAAZ,PT Daaz Bara Lestari Tbk,11 Nov 2024,Basic Materials,PT Henan Putihrai Sekuritas,utama,lainnya,"1.997.000.000,00","0,1502",modal belanja,rupiah,"Rp3.429.904.870.332,00","Rp2.157.052.265.337,00","Rp2.587.399.218.318,00","Rp206.089.398.144,00",,"Rp84.937.130.145,00",880,25%,203%,570%,,
BOAT,PT Newport Marine Services Tbk,12 Nov 2024,Energy,PT BRI Danareksa Sekuritas,pengembangan,lainnya,"3.501.680.000,00","0,2857",bayar hutang,usd,"Rp534.316.933.775,00","Rp269.712.857.425,00","Rp48.967.808.500,00","Rp9.618.191.025,00","Rp5.396.438.200,00","Rp26.565.100,00",100,35%,33%,160%,,
NAIK,PT Adiwarna Anugerah Abadi Tbk,13 Nov 2024,Industrials,PT MNC Sekuritas,pengembangan,lainnya,"3.250.000.000,00","0,2308",modal kerja,rupiah,"Rp179.092.784.665,00","Rp99.421.829.705,00","Rp67.291.878.880,00","Rp20.774.760.592,00","Rp12.374.090.135,00","Rp7.747.930.601,00",107,35%,147%,122%,,
AADI,PT Adaro Andalan Indonesia Tbk,5 Dec 2024,Energy,PT Trimegah Sekuritas Indonesia Tbk,utama,lainnya,"7.786.891.760,00","0,1",bayar hutang,usd,"Rp86.140.817.490,00","Rp42.999.869.850,00","Rp42.118.981.905,00","Rp12.322.062.060,00",,"Rp14.630.470.785,00",5.550,20%,73%,41%,,
MDIY,PT Daya Intiguna Yasa Tbk,19 Dec 2024,Consumer Cyclicals,PT CIMB Niaga Sekuritas; PT Mandiri Sekuritas,utama,lainnya,"25.190.392.000,00","0,1",bayar hutang,rupiah,"Rp4.844.461.000.000,00","Rp2.711.986.000.000,00","Rp3.205.757.000.000,00","Rp1.753.507.000.000,00","Rp747.400.000.000,00","Rp534.215.000.000,00",1.650,2%,8%,1%,,
YOII,PT Asuransi Digital Bersama Tbk,8 Jan 2025,Financials,PT Reliance Sekuritas Indonesia Tbk,pengembangan,start up,"3.424.687.500,00","0,1203",modal kerja,rupiah,"Rp262.049.268.000,00","Rp95.184.184.000,00",,"Rp137.843.163.000,00","Rp13.288.626.000,00","Rp15.924.202.000,00",100,35%,9%,-12%,,
KSIX,PT Kentanix Supra International Tbk,8 Jan 2025,Properties & Real Estate,PT UOB Kay Hian Sekuritas,pengembangan,start up,"2.137.831.800,00","0,15",modal kerja,rupiah,"Rp1.220.442.325.000,00","Rp52.719.851.000,00","Rp126.107.915.000,00","Rp74.241.282.000,00",,"Rp41.466.884.000,00",452,25%,-31%,-52%,,
RATU,PT Raharja Energi Cepu Tbk,8 Jan 2025,Energy,PT Sucor Sekuritas; PT Henan Putihrai Sekuritas,pengembangan,lainnya,"2.715.053.800,00","0,2",modal kerja,usd,"Rp819.598.642.020,00","Rp481.453.023.010,00","Rp452.667.478.240,00","Rp187.503.756.450,00",,"Rp120.425.461.780,00",1.150,25%,202%,557%,,
BRRC,PT Raja Roti Cemerlang Tbk,9 Jan 2025,Consumer Non-Cyclicals,PT NH Korindo Sekuritas Indonesia,pengembangan,lainnya,"971.500.000,00","0,3001",modal kerja,rupiah,"Rp47.568.348.659,00","Rp27.990.918.647,00","Rp40.950.293.938,00","Rp7.217.766.290,00",,"Rp658.106.357,00",210,25%,-20%,-72%,,
HGII,PT Hero Global Investment Tbk,9 Jan 2025,Infrastructures,PT OCBC Sekuritas Indonesia; PT UOB Kay Hian Sekuritas,pengembangan,lainnya,"6.500.000.000,00","0,2",modal belanja,rupiah,"Rp727.888.896.000,00","Rp258.316.966.000,00","Rp56.516.437.000,00","Rp50.842.348.000,00","Rp40.911.070.000,00","Rp26.307.712.000,00",200,6%,-3%,-6%,,
CBDK,PT Bangun Kosambi Sukses Tbk,13 Jan 2025,Properties & Real Estate,PT Trimegah Sekuritas Indonesia Tbk,utama,lainnya,"5.668.944.500,00","0,1",ekspansi,rupiah,"Rp18.156.999.226.000,00","Rp10.014.423.809.000,00","Rp969.407.957.000,00","Rp561.103.130.000,00",,"Rp479.102.365.000,00",4.060,25%,157%,83%,,
OBAT,PT Brigit Biofarmaka Teknologi Tbk,13 Jan 2025,Healthcare,PT OSO Sekuritas,pengembangan,start up,"600.000.000,00","0,2833",modal belanja,rupiah,"Rp52.084.891.107,00","Rp24.611.140.994,00","Rp54.758.628.634,00","Rp24.080.092.169,00","Rp14.583.577.249,00","Rp12.644.897.342,00",350,25%,70%,77%,,
DGWG,PT Delta Giri Wacana Tbk,13 Jan 2025,Basic Materials,PT BRI Danareksa Sekuritas; PT Samuel Sekuritas Indonesia; PT Shinhan Sekuritas Indonesia,utama,lainnya,"5.882.353.000,00","0,15",modal belanja,rupiah,"Rp1.785.175.000.000,00","Rp1.763.413.000.000,00","Rp1.484.892.000.000,00","Rp408.898.000.000,00",,"Rp32.730.000.000,00",230,24%,26%,89%,,
MINE,PT Sinar Terang Mandiri Tbk,10 Mar 2025,Basic Materials,PT Trimegah Sekuritas Indonesia Tbk,utama,lainnya,"4.084.435.300,00","0,15",modal belanja,rupiah,"Rp1.505.851.000.000,00","Rp880.325.000.000,00","Rp1.363.379.000.000,00","Rp354.514.000.000,00",,"Rp225.177.000.000,00",216,25%,126%,112%,,
KAQI,PT Jantra Grupo Indonesia Tbk,10 Mar 2025,Consumer Cyclicals,PT RHB Sekuritas Indonesia,pengembangan,start up,"2.075.800.000,00","0,2168",ekspansi,rupiah,"Rp74.129.409.370,00","Rp14.970.480.161,00","Rp39.106.954.374,00","Rp30.238.007.668,00",,"Rp7.341.462.023,00",118,-10%,-47%,-58%,,
YUPI,PT Yupi Indo Jelly Gum Tbk,25 Mar 2025,Consumer Non-Cyclicals,PT CIMB Niaga Sekuritas; PT Mandiri Sekuritas,utama,lainnya,"8.544.488.700,00","0,1",modal belanja,rupiah,"Rp2.687.403.856.284,00","Rp581.233.838.530,00","Rp2.410.404.654.773,00","Rp835.135.755.979,00","Rp586.989.258.506,00","Rp484.252.236.380,00",2.390,0%,-26%,-33%,,
FORE,PT Fore Kopi Indonesia Tbk,14 Apr 2025,Consumer Non-Cyclicals,PT Mandiri Sekuritas,pengembangan,start up,"8.918.359.270,00","0,2108",ekspansi,rupiah,"Rp604.784.122.580,00","Rp381.471.184.928,00","Rp727.371.436.460,00","Rp446.552.550.808,00","Rp48.125.279.761,00","Rp42.347.424.194,00",188,34%,97%,,,
MDLA,PT Medela Potentia Tbk,15 Apr 2025,Healthcare,PT Mandiri Sekuritas; PT Indo Premier Sekuritas,utama,lainnya,"14.012.825.000,00","0,25",bayar hutang,rupiah,"Rp5.693.383.000.000,00","Rp3.576.906.000.000,00","Rp10.786.468.000.000,00","Rp1.015.541.000.000,00","Rp341.011.000.000,00","Rp252.749.000.000,00",188,-1%,0%,,,